--
-- PostgreSQL database dump
--

-- Dumped from database version 12.13 (Ubuntu 12.13-0ubuntu0.20.04.1)
-- Dumped by pg_dump version 12.13 (Ubuntu 12.13-0ubuntu0.20.04.1)

SET statement_timeout = 0;
SET lock_timeout = 0;
SET idle_in_transaction_session_timeout = 0;
SET client_encoding = 'UTF8';
SET standard_conforming_strings = on;
SELECT pg_catalog.set_config('search_path', '', false);
SET check_function_bodies = false;
SET xmloption = content;
SET client_min_messages = warning;
SET row_security = off;

SET default_tablespace = '';

SET default_table_access_method = heap;

--
-- Name: PaYme_merchattransactionsmodel; Type: TABLE; Schema: public; Owner: giper_db4
--

CREATE TABLE public."PaYme_merchattransactionsmodel" (
    id bigint NOT NULL,
    _id character varying(255),
    transaction_id character varying(255),
    order_id bigint,
    amount double precision,
    "time" bigint,
    perform_time bigint,
    cancel_time bigint,
    state integer,
    reason character varying(255),
    created_at_ms character varying(255),
    created_at timestamp with time zone NOT NULL,
    updated_at timestamp with time zone NOT NULL
);


ALTER TABLE public."PaYme_merchattransactionsmodel" OWNER TO giper_db4;

--
-- Name: PaYme_merchattransactionsmodel_id_seq; Type: SEQUENCE; Schema: public; Owner: giper_db4
--

ALTER TABLE public."PaYme_merchattransactionsmodel" ALTER COLUMN id ADD GENERATED BY DEFAULT AS IDENTITY (
    SEQUENCE NAME public."PaYme_merchattransactionsmodel_id_seq"
    START WITH 1
    INCREMENT BY 1
    NO MINVALUE
    NO MAXVALUE
    CACHE 1
);


--
-- Name: PaYme_order; Type: TABLE; Schema: public; Owner: giper_db4
--

CREATE TABLE public."PaYme_order" (
    id bigint NOT NULL,
    amount integer,
    created_at timestamp with time zone NOT NULL,
    updated_at timestamp with time zone NOT NULL
);


ALTER TABLE public."PaYme_order" OWNER TO giper_db4;

--
-- Name: PaYme_order_id_seq; Type: SEQUENCE; Schema: public; Owner: giper_db4
--

ALTER TABLE public."PaYme_order" ALTER COLUMN id ADD GENERATED BY DEFAULT AS IDENTITY (
    SEQUENCE NAME public."PaYme_order_id_seq"
    START WITH 1
    INCREMENT BY 1
    NO MINVALUE
    NO MAXVALUE
    CACHE 1
);


--
-- Name: auth_group; Type: TABLE; Schema: public; Owner: giper_db4
--

CREATE TABLE public.auth_group (
    id integer NOT NULL,
    name character varying(150) NOT NULL
);


ALTER TABLE public.auth_group OWNER TO giper_db4;

--
-- Name: auth_group_id_seq; Type: SEQUENCE; Schema: public; Owner: giper_db4
--

ALTER TABLE public.auth_group ALTER COLUMN id ADD GENERATED BY DEFAULT AS IDENTITY (
    SEQUENCE NAME public.auth_group_id_seq
    START WITH 1
    INCREMENT BY 1
    NO MINVALUE
    NO MAXVALUE
    CACHE 1
);


--
-- Name: auth_group_permissions; Type: TABLE; Schema: public; Owner: giper_db4
--

CREATE TABLE public.auth_group_permissions (
    id bigint NOT NULL,
    group_id integer NOT NULL,
    permission_id integer NOT NULL
);


ALTER TABLE public.auth_group_permissions OWNER TO giper_db4;

--
-- Name: auth_group_permissions_id_seq; Type: SEQUENCE; Schema: public; Owner: giper_db4
--

ALTER TABLE public.auth_group_permissions ALTER COLUMN id ADD GENERATED BY DEFAULT AS IDENTITY (
    SEQUENCE NAME public.auth_group_permissions_id_seq
    START WITH 1
    INCREMENT BY 1
    NO MINVALUE
    NO MAXVALUE
    CACHE 1
);


--
-- Name: auth_permission; Type: TABLE; Schema: public; Owner: giper_db4
--

CREATE TABLE public.auth_permission (
    id integer NOT NULL,
    name character varying(255) NOT NULL,
    content_type_id integer NOT NULL,
    codename character varying(100) NOT NULL
);


ALTER TABLE public.auth_permission OWNER TO giper_db4;

--
-- Name: auth_permission_id_seq; Type: SEQUENCE; Schema: public; Owner: giper_db4
--

ALTER TABLE public.auth_permission ALTER COLUMN id ADD GENERATED BY DEFAULT AS IDENTITY (
    SEQUENCE NAME public.auth_permission_id_seq
    START WITH 1
    INCREMENT BY 1
    NO MINVALUE
    NO MAXVALUE
    CACHE 1
);


--
-- Name: authtoken_token; Type: TABLE; Schema: public; Owner: giper_db4
--

CREATE TABLE public.authtoken_token (
    key character varying(40) NOT NULL,
    created timestamp with time zone NOT NULL,
    user_id bigint NOT NULL
);


ALTER TABLE public.authtoken_token OWNER TO giper_db4;

--
-- Name: cart_cartitem; Type: TABLE; Schema: public; Owner: giper_db4
--

CREATE TABLE public.cart_cartitem (
    id bigint NOT NULL,
    quantity integer NOT NULL,
    total character varying(250) NOT NULL,
    created_at timestamp with time zone NOT NULL,
    updated_at timestamp with time zone NOT NULL,
    product_id bigint NOT NULL,
    user_id bigint,
    CONSTRAINT cart_cartitem_quantity_check CHECK ((quantity >= 0))
);


ALTER TABLE public.cart_cartitem OWNER TO giper_db4;

--
-- Name: cart_cartitem_id_seq; Type: SEQUENCE; Schema: public; Owner: giper_db4
--

ALTER TABLE public.cart_cartitem ALTER COLUMN id ADD GENERATED BY DEFAULT AS IDENTITY (
    SEQUENCE NAME public.cart_cartitem_id_seq
    START WITH 1
    INCREMENT BY 1
    NO MINVALUE
    NO MAXVALUE
    CACHE 1
);


--
-- Name: checkout_checkout; Type: TABLE; Schema: public; Owner: giper_db4
--

CREATE TABLE public.checkout_checkout (
    id bigint NOT NULL,
    full_name character varying(250) NOT NULL,
    phone_number character varying(100) NOT NULL,
    region character varying(100) NOT NULL,
    town character varying(100) NOT NULL,
    address character varying(200) NOT NULL,
    comment text NOT NULL,
    "PAY_STATUS" boolean NOT NULL,
    "NAXT_STATUS" boolean NOT NULL,
    created_at timestamp with time zone NOT NULL,
    user_id bigint
);


ALTER TABLE public.checkout_checkout OWNER TO giper_db4;

--
-- Name: checkout_checkout_cart; Type: TABLE; Schema: public; Owner: giper_db4
--

CREATE TABLE public.checkout_checkout_cart (
    id bigint NOT NULL,
    checkout_id bigint NOT NULL,
    cartitem_id bigint NOT NULL
);


ALTER TABLE public.checkout_checkout_cart OWNER TO giper_db4;

--
-- Name: checkout_checkout_cart_id_seq; Type: SEQUENCE; Schema: public; Owner: giper_db4
--

ALTER TABLE public.checkout_checkout_cart ALTER COLUMN id ADD GENERATED BY DEFAULT AS IDENTITY (
    SEQUENCE NAME public.checkout_checkout_cart_id_seq
    START WITH 1
    INCREMENT BY 1
    NO MINVALUE
    NO MAXVALUE
    CACHE 1
);


--
-- Name: checkout_order_id_seq; Type: SEQUENCE; Schema: public; Owner: giper_db4
--

ALTER TABLE public.checkout_checkout ALTER COLUMN id ADD GENERATED BY DEFAULT AS IDENTITY (
    SEQUENCE NAME public.checkout_order_id_seq
    START WITH 1
    INCREMENT BY 1
    NO MINVALUE
    NO MAXVALUE
    CACHE 1
);


--
-- Name: dashboard_api_sitesettings; Type: TABLE; Schema: public; Owner: giper_db4
--

CREATE TABLE public.dashboard_api_sitesettings (
    id bigint NOT NULL,
    logo character varying(100),
    phonenumbers character varying(20),
    site_type character varying(100),
    description character varying(200),
    link character varying(200)
);


ALTER TABLE public.dashboard_api_sitesettings OWNER TO giper_db4;

--
-- Name: dashboard_api_sitesettings_id_seq; Type: SEQUENCE; Schema: public; Owner: giper_db4
--

ALTER TABLE public.dashboard_api_sitesettings ALTER COLUMN id ADD GENERATED BY DEFAULT AS IDENTITY (
    SEQUENCE NAME public.dashboard_api_sitesettings_id_seq
    START WITH 1
    INCREMENT BY 1
    NO MINVALUE
    NO MAXVALUE
    CACHE 1
);


--
-- Name: django_admin_log; Type: TABLE; Schema: public; Owner: giper_db4
--

CREATE TABLE public.django_admin_log (
    id integer NOT NULL,
    action_time timestamp with time zone NOT NULL,
    object_id text,
    object_repr character varying(200) NOT NULL,
    action_flag smallint NOT NULL,
    change_message text NOT NULL,
    content_type_id integer,
    user_id bigint NOT NULL,
    CONSTRAINT django_admin_log_action_flag_check CHECK ((action_flag >= 0))
);


ALTER TABLE public.django_admin_log OWNER TO giper_db4;

--
-- Name: django_admin_log_id_seq; Type: SEQUENCE; Schema: public; Owner: giper_db4
--

ALTER TABLE public.django_admin_log ALTER COLUMN id ADD GENERATED BY DEFAULT AS IDENTITY (
    SEQUENCE NAME public.django_admin_log_id_seq
    START WITH 1
    INCREMENT BY 1
    NO MINVALUE
    NO MAXVALUE
    CACHE 1
);


--
-- Name: django_content_type; Type: TABLE; Schema: public; Owner: giper_db4
--

CREATE TABLE public.django_content_type (
    id integer NOT NULL,
    app_label character varying(100) NOT NULL,
    model character varying(100) NOT NULL
);


ALTER TABLE public.django_content_type OWNER TO giper_db4;

--
-- Name: django_content_type_id_seq; Type: SEQUENCE; Schema: public; Owner: giper_db4
--

ALTER TABLE public.django_content_type ALTER COLUMN id ADD GENERATED BY DEFAULT AS IDENTITY (
    SEQUENCE NAME public.django_content_type_id_seq
    START WITH 1
    INCREMENT BY 1
    NO MINVALUE
    NO MAXVALUE
    CACHE 1
);


--
-- Name: django_migrations; Type: TABLE; Schema: public; Owner: giper_db4
--

CREATE TABLE public.django_migrations (
    id bigint NOT NULL,
    app character varying(255) NOT NULL,
    name character varying(255) NOT NULL,
    applied timestamp with time zone NOT NULL
);


ALTER TABLE public.django_migrations OWNER TO giper_db4;

--
-- Name: django_migrations_id_seq; Type: SEQUENCE; Schema: public; Owner: giper_db4
--

ALTER TABLE public.django_migrations ALTER COLUMN id ADD GENERATED BY DEFAULT AS IDENTITY (
    SEQUENCE NAME public.django_migrations_id_seq
    START WITH 1
    INCREMENT BY 1
    NO MINVALUE
    NO MAXVALUE
    CACHE 1
);


--
-- Name: django_session; Type: TABLE; Schema: public; Owner: giper_db4
--

CREATE TABLE public.django_session (
    session_key character varying(40) NOT NULL,
    session_data text NOT NULL,
    expire_date timestamp with time zone NOT NULL
);


ALTER TABLE public.django_session OWNER TO giper_db4;

--
-- Name: outside_add_to_wishlist; Type: TABLE; Schema: public; Owner: giper_db4
--

CREATE TABLE public.outside_add_to_wishlist (
    id bigint NOT NULL,
    created_at timestamp with time zone NOT NULL,
    updated_at timestamp with time zone NOT NULL,
    product_id bigint NOT NULL,
    user_id bigint NOT NULL
);


ALTER TABLE public.outside_add_to_wishlist OWNER TO giper_db4;

--
-- Name: outside_add_to_wishlist_id_seq; Type: SEQUENCE; Schema: public; Owner: giper_db4
--

ALTER TABLE public.outside_add_to_wishlist ALTER COLUMN id ADD GENERATED BY DEFAULT AS IDENTITY (
    SEQUENCE NAME public.outside_add_to_wishlist_id_seq
    START WITH 1
    INCREMENT BY 1
    NO MINVALUE
    NO MAXVALUE
    CACHE 1
);


--
-- Name: outside_brand; Type: TABLE; Schema: public; Owner: giper_db4
--

CREATE TABLE public.outside_brand (
    id bigint NOT NULL,
    images character varying(100) NOT NULL,
    created_at timestamp with time zone NOT NULL,
    updated_at timestamp with time zone NOT NULL,
    category_id bigint,
    product_id bigint,
    url character varying(250) NOT NULL
);


ALTER TABLE public.outside_brand OWNER TO giper_db4;

--
-- Name: outside_brand_id_seq; Type: SEQUENCE; Schema: public; Owner: giper_db4
--

ALTER TABLE public.outside_brand ALTER COLUMN id ADD GENERATED BY DEFAULT AS IDENTITY (
    SEQUENCE NAME public.outside_brand_id_seq
    START WITH 1
    INCREMENT BY 1
    NO MINVALUE
    NO MAXVALUE
    CACHE 1
);


--
-- Name: outside_slider; Type: TABLE; Schema: public; Owner: giper_db4
--

CREATE TABLE public.outside_slider (
    id bigint NOT NULL,
    images character varying(100) NOT NULL,
    created_at timestamp with time zone NOT NULL,
    updated_at timestamp with time zone NOT NULL,
    url character varying(250) NOT NULL
);


ALTER TABLE public.outside_slider OWNER TO giper_db4;

--
-- Name: outside_slider_id_seq; Type: SEQUENCE; Schema: public; Owner: giper_db4
--

ALTER TABLE public.outside_slider ALTER COLUMN id ADD GENERATED BY DEFAULT AS IDENTITY (
    SEQUENCE NAME public.outside_slider_id_seq
    START WITH 1
    INCREMENT BY 1
    NO MINVALUE
    NO MAXVALUE
    CACHE 1
);


--
-- Name: outside_stock; Type: TABLE; Schema: public; Owner: giper_db4
--

CREATE TABLE public.outside_stock (
    id bigint NOT NULL,
    images character varying(100) NOT NULL,
    created_at timestamp with time zone NOT NULL,
    updated_at timestamp with time zone NOT NULL,
    url character varying(250) NOT NULL
);


ALTER TABLE public.outside_stock OWNER TO giper_db4;

--
-- Name: outside_stock_id_seq; Type: SEQUENCE; Schema: public; Owner: giper_db4
--

ALTER TABLE public.outside_stock ALTER COLUMN id ADD GENERATED BY DEFAULT AS IDENTITY (
    SEQUENCE NAME public.outside_stock_id_seq
    START WITH 1
    INCREMENT BY 1
    NO MINVALUE
    NO MAXVALUE
    CACHE 1
);


--
-- Name: products_brand; Type: TABLE; Schema: public; Owner: giper_db4
--

CREATE TABLE public.products_brand (
    id bigint NOT NULL,
    name character varying(255) NOT NULL
);


ALTER TABLE public.products_brand OWNER TO giper_db4;

--
-- Name: products_brand_id_seq; Type: SEQUENCE; Schema: public; Owner: giper_db4
--

ALTER TABLE public.products_brand ALTER COLUMN id ADD GENERATED BY DEFAULT AS IDENTITY (
    SEQUENCE NAME public.products_brand_id_seq
    START WITH 1
    INCREMENT BY 1
    NO MINVALUE
    NO MAXVALUE
    CACHE 1
);


--
-- Name: products_category; Type: TABLE; Schema: public; Owner: giper_db4
--

CREATE TABLE public.products_category (
    id bigint NOT NULL,
    name character varying(100) NOT NULL,
    slug character varying(150) NOT NULL,
    description text NOT NULL,
    background_image character varying(100),
    is_active boolean NOT NULL,
    lft integer NOT NULL,
    rght integer NOT NULL,
    tree_id integer NOT NULL,
    level integer NOT NULL,
    parent_id bigint,
    test_image character varying(700),
    CONSTRAINT products_category_level_check CHECK ((level >= 0)),
    CONSTRAINT products_category_lft_check CHECK ((lft >= 0)),
    CONSTRAINT products_category_rght_check CHECK ((rght >= 0)),
    CONSTRAINT products_category_tree_id_check CHECK ((tree_id >= 0))
);


ALTER TABLE public.products_category OWNER TO giper_db4;

--
-- Name: products_category_id_seq; Type: SEQUENCE; Schema: public; Owner: giper_db4
--

ALTER TABLE public.products_category ALTER COLUMN id ADD GENERATED BY DEFAULT AS IDENTITY (
    SEQUENCE NAME public.products_category_id_seq
    START WITH 1
    INCREMENT BY 1
    NO MINVALUE
    NO MAXVALUE
    CACHE 1
);


--
-- Name: products_media; Type: TABLE; Schema: public; Owner: giper_db4
--

CREATE TABLE public.products_media (
    id bigint NOT NULL,
    img_url character varying(100) NOT NULL,
    alt_text character varying(255) NOT NULL,
    is_feature boolean NOT NULL,
    created_at timestamp with time zone NOT NULL,
    updated_at timestamp with time zone NOT NULL,
    product_inventory_id bigint NOT NULL
);


ALTER TABLE public.products_media OWNER TO giper_db4;

--
-- Name: products_media_id_seq; Type: SEQUENCE; Schema: public; Owner: giper_db4
--

ALTER TABLE public.products_media ALTER COLUMN id ADD GENERATED BY DEFAULT AS IDENTITY (
    SEQUENCE NAME public.products_media_id_seq
    START WITH 1
    INCREMENT BY 1
    NO MINVALUE
    NO MAXVALUE
    CACHE 1
);


--
-- Name: products_product; Type: TABLE; Schema: public; Owner: giper_db4
--

CREATE TABLE public.products_product (
    id bigint NOT NULL,
    name character varying(255) NOT NULL,
    slug character varying(255) NOT NULL,
    description text NOT NULL,
    is_active boolean NOT NULL,
    is_recommended boolean NOT NULL,
    "USA_product" boolean NOT NULL,
    created_at timestamp with time zone NOT NULL,
    updated_at timestamp with time zone NOT NULL,
    category_id bigint,
    user_id bigint,
    status character varying(50) NOT NULL
);


ALTER TABLE public.products_product OWNER TO giper_db4;

--
-- Name: products_product_id_seq; Type: SEQUENCE; Schema: public; Owner: giper_db4
--

ALTER TABLE public.products_product ALTER COLUMN id ADD GENERATED BY DEFAULT AS IDENTITY (
    SEQUENCE NAME public.products_product_id_seq
    START WITH 1
    INCREMENT BY 1
    NO MINVALUE
    NO MAXVALUE
    CACHE 1
);


--
-- Name: products_productallmodel; Type: TABLE; Schema: public; Owner: giper_db4
--

CREATE TABLE public.products_productallmodel (
    id bigint NOT NULL,
    category_id bigint NOT NULL,
    products_id bigint NOT NULL
);


ALTER TABLE public.products_productallmodel OWNER TO giper_db4;

--
-- Name: products_productallmodel_atributes_value; Type: TABLE; Schema: public; Owner: giper_db4
--

CREATE TABLE public.products_productallmodel_atributes_value (
    id bigint NOT NULL,
    productallmodel_id bigint NOT NULL,
    productattributevalue_id bigint NOT NULL
);


ALTER TABLE public.products_productallmodel_atributes_value OWNER TO giper_db4;

--
-- Name: products_productallmodel_atributes_value_id_seq; Type: SEQUENCE; Schema: public; Owner: giper_db4
--

ALTER TABLE public.products_productallmodel_atributes_value ALTER COLUMN id ADD GENERATED BY DEFAULT AS IDENTITY (
    SEQUENCE NAME public.products_productallmodel_atributes_value_id_seq
    START WITH 1
    INCREMENT BY 1
    NO MINVALUE
    NO MAXVALUE
    CACHE 1
);


--
-- Name: products_productallmodel_id_seq; Type: SEQUENCE; Schema: public; Owner: giper_db4
--

ALTER TABLE public.products_productallmodel ALTER COLUMN id ADD GENERATED BY DEFAULT AS IDENTITY (
    SEQUENCE NAME public.products_productallmodel_id_seq
    START WITH 1
    INCREMENT BY 1
    NO MINVALUE
    NO MAXVALUE
    CACHE 1
);


--
-- Name: products_productattribute; Type: TABLE; Schema: public; Owner: giper_db4
--

CREATE TABLE public.products_productattribute (
    id bigint NOT NULL,
    name character varying(255) NOT NULL,
    description text NOT NULL
);


ALTER TABLE public.products_productattribute OWNER TO giper_db4;

--
-- Name: products_productattribute_id_seq; Type: SEQUENCE; Schema: public; Owner: giper_db4
--

ALTER TABLE public.products_productattribute ALTER COLUMN id ADD GENERATED BY DEFAULT AS IDENTITY (
    SEQUENCE NAME public.products_productattribute_id_seq
    START WITH 1
    INCREMENT BY 1
    NO MINVALUE
    NO MAXVALUE
    CACHE 1
);


--
-- Name: products_productattributevalue; Type: TABLE; Schema: public; Owner: giper_db4
--

CREATE TABLE public.products_productattributevalue (
    id bigint NOT NULL,
    attribute_value character varying(255) NOT NULL,
    product_attribute_id bigint NOT NULL
);


ALTER TABLE public.products_productattributevalue OWNER TO giper_db4;

--
-- Name: products_productattributevalue_id_seq; Type: SEQUENCE; Schema: public; Owner: giper_db4
--

ALTER TABLE public.products_productattributevalue ALTER COLUMN id ADD GENERATED BY DEFAULT AS IDENTITY (
    SEQUENCE NAME public.products_productattributevalue_id_seq
    START WITH 1
    INCREMENT BY 1
    NO MINVALUE
    NO MAXVALUE
    CACHE 1
);


--
-- Name: products_productattributevalues; Type: TABLE; Schema: public; Owner: giper_db4
--

CREATE TABLE public.products_productattributevalues (
    id bigint NOT NULL,
    attributevalues_id bigint,
    productinventory_id bigint
);


ALTER TABLE public.products_productattributevalues OWNER TO giper_db4;

--
-- Name: products_productattributevalues_id_seq; Type: SEQUENCE; Schema: public; Owner: giper_db4
--

ALTER TABLE public.products_productattributevalues ALTER COLUMN id ADD GENERATED BY DEFAULT AS IDENTITY (
    SEQUENCE NAME public.products_productattributevalues_id_seq
    START WITH 1
    INCREMENT BY 1
    NO MINVALUE
    NO MAXVALUE
    CACHE 1
);


--
-- Name: products_productinventory; Type: TABLE; Schema: public; Owner: giper_db4
--

CREATE TABLE public.products_productinventory (
    id bigint NOT NULL,
    sku character varying(20) NOT NULL,
    upc character varying(12) NOT NULL,
    is_active boolean NOT NULL,
    is_default boolean NOT NULL,
    price numeric(5,2) NOT NULL,
    sale_price numeric(10,2) NOT NULL,
    is_on_sale boolean NOT NULL,
    weight double precision,
    created_at timestamp with time zone NOT NULL,
    updated_at timestamp with time zone NOT NULL,
    brand_id bigint,
    product_id bigint NOT NULL,
    product_type_id bigint NOT NULL,
    installment_plan character varying(250) NOT NULL
);


ALTER TABLE public.products_productinventory OWNER TO giper_db4;

--
-- Name: products_productinventory_id_seq; Type: SEQUENCE; Schema: public; Owner: giper_db4
--

ALTER TABLE public.products_productinventory ALTER COLUMN id ADD GENERATED BY DEFAULT AS IDENTITY (
    SEQUENCE NAME public.products_productinventory_id_seq
    START WITH 1
    INCREMENT BY 1
    NO MINVALUE
    NO MAXVALUE
    CACHE 1
);


--
-- Name: products_producttype; Type: TABLE; Schema: public; Owner: giper_db4
--

CREATE TABLE public.products_producttype (
    id bigint NOT NULL,
    name character varying(255) NOT NULL
);


ALTER TABLE public.products_producttype OWNER TO giper_db4;

--
-- Name: products_producttype_id_seq; Type: SEQUENCE; Schema: public; Owner: giper_db4
--

ALTER TABLE public.products_producttype ALTER COLUMN id ADD GENERATED BY DEFAULT AS IDENTITY (
    SEQUENCE NAME public.products_producttype_id_seq
    START WITH 1
    INCREMENT BY 1
    NO MINVALUE
    NO MAXVALUE
    CACHE 1
);


--
-- Name: products_producttypeattribute; Type: TABLE; Schema: public; Owner: giper_db4
--

CREATE TABLE public.products_producttypeattribute (
    id bigint NOT NULL,
    product_attribute_id bigint,
    product_type_id bigint
);


ALTER TABLE public.products_producttypeattribute OWNER TO giper_db4;

--
-- Name: products_producttypeattribute_id_seq; Type: SEQUENCE; Schema: public; Owner: giper_db4
--

ALTER TABLE public.products_producttypeattribute ALTER COLUMN id ADD GENERATED BY DEFAULT AS IDENTITY (
    SEQUENCE NAME public.products_producttypeattribute_id_seq
    START WITH 1
    INCREMENT BY 1
    NO MINVALUE
    NO MAXVALUE
    CACHE 1
);


--
-- Name: products_rating; Type: TABLE; Schema: public; Owner: giper_db4
--

CREATE TABLE public.products_rating (
    id bigint NOT NULL,
    rating smallint NOT NULL,
    product_id bigint NOT NULL,
    CONSTRAINT products_rating_rating_check CHECK ((rating >= 0))
);


ALTER TABLE public.products_rating OWNER TO giper_db4;

--
-- Name: products_rating_id_seq; Type: SEQUENCE; Schema: public; Owner: giper_db4
--

ALTER TABLE public.products_rating ALTER COLUMN id ADD GENERATED BY DEFAULT AS IDENTITY (
    SEQUENCE NAME public.products_rating_id_seq
    START WITH 1
    INCREMENT BY 1
    NO MINVALUE
    NO MAXVALUE
    CACHE 1
);


--
-- Name: products_stock; Type: TABLE; Schema: public; Owner: giper_db4
--

CREATE TABLE public.products_stock (
    id bigint NOT NULL,
    last_checked timestamp with time zone,
    units integer NOT NULL,
    units_sold integer NOT NULL,
    product_inventory_id bigint NOT NULL
);


ALTER TABLE public.products_stock OWNER TO giper_db4;

--
-- Name: products_stock_id_seq; Type: SEQUENCE; Schema: public; Owner: giper_db4
--

ALTER TABLE public.products_stock ALTER COLUMN id ADD GENERATED BY DEFAULT AS IDENTITY (
    SEQUENCE NAME public.products_stock_id_seq
    START WITH 1
    INCREMENT BY 1
    NO MINVALUE
    NO MAXVALUE
    CACHE 1
);


--
-- Name: products_wishlist; Type: TABLE; Schema: public; Owner: giper_db4
--

CREATE TABLE public.products_wishlist (
    id bigint NOT NULL,
    date_added timestamp with time zone NOT NULL,
    product_id bigint NOT NULL,
    user_id bigint NOT NULL
);


ALTER TABLE public.products_wishlist OWNER TO giper_db4;

--
-- Name: products_wishlist_id_seq; Type: SEQUENCE; Schema: public; Owner: giper_db4
--

ALTER TABLE public.products_wishlist ALTER COLUMN id ADD GENERATED BY DEFAULT AS IDENTITY (
    SEQUENCE NAME public.products_wishlist_id_seq
    START WITH 1
    INCREMENT BY 1
    NO MINVALUE
    NO MAXVALUE
    CACHE 1
);


--
-- Name: token_blacklist_blacklistedtoken; Type: TABLE; Schema: public; Owner: giper_db4
--

CREATE TABLE public.token_blacklist_blacklistedtoken (
    id bigint NOT NULL,
    blacklisted_at timestamp with time zone NOT NULL,
    token_id bigint NOT NULL
);


ALTER TABLE public.token_blacklist_blacklistedtoken OWNER TO giper_db4;

--
-- Name: token_blacklist_blacklistedtoken_id_seq; Type: SEQUENCE; Schema: public; Owner: giper_db4
--

ALTER TABLE public.token_blacklist_blacklistedtoken ALTER COLUMN id ADD GENERATED BY DEFAULT AS IDENTITY (
    SEQUENCE NAME public.token_blacklist_blacklistedtoken_id_seq
    START WITH 1
    INCREMENT BY 1
    NO MINVALUE
    NO MAXVALUE
    CACHE 1
);


--
-- Name: token_blacklist_outstandingtoken; Type: TABLE; Schema: public; Owner: giper_db4
--

CREATE TABLE public.token_blacklist_outstandingtoken (
    id bigint NOT NULL,
    token text NOT NULL,
    created_at timestamp with time zone,
    expires_at timestamp with time zone NOT NULL,
    user_id bigint,
    jti character varying(255) NOT NULL
);


ALTER TABLE public.token_blacklist_outstandingtoken OWNER TO giper_db4;

--
-- Name: token_blacklist_outstandingtoken_id_seq; Type: SEQUENCE; Schema: public; Owner: giper_db4
--

ALTER TABLE public.token_blacklist_outstandingtoken ALTER COLUMN id ADD GENERATED BY DEFAULT AS IDENTITY (
    SEQUENCE NAME public.token_blacklist_outstandingtoken_id_seq
    START WITH 1
    INCREMENT BY 1
    NO MINVALUE
    NO MAXVALUE
    CACHE 1
);


--
-- Name: user_profile_map; Type: TABLE; Schema: public; Owner: giper_db4
--

CREATE TABLE public.user_profile_map (
    id bigint NOT NULL,
    title character varying(120) NOT NULL,
    phone_number integer NOT NULL,
    address character varying(300) NOT NULL,
    town character varying(200) NOT NULL,
    created_at date NOT NULL,
    update_at timestamp with time zone NOT NULL,
    user_id bigint
);


ALTER TABLE public.user_profile_map OWNER TO giper_db4;

--
-- Name: user_profile_map_id_seq; Type: SEQUENCE; Schema: public; Owner: giper_db4
--

ALTER TABLE public.user_profile_map ALTER COLUMN id ADD GENERATED BY DEFAULT AS IDENTITY (
    SEQUENCE NAME public.user_profile_map_id_seq
    START WITH 1
    INCREMENT BY 1
    NO MINVALUE
    NO MAXVALUE
    CACHE 1
);


--
-- Name: user_profile_user; Type: TABLE; Schema: public; Owner: giper_db4
--

CREATE TABLE public.user_profile_user (
    id bigint NOT NULL,
    password character varying(128) NOT NULL,
    last_login timestamp with time zone,
    is_superuser boolean NOT NULL,
    first_name character varying(150) NOT NULL,
    last_name character varying(150) NOT NULL,
    email character varying(254) NOT NULL,
    is_staff boolean NOT NULL,
    is_active boolean NOT NULL,
    date_joined timestamp with time zone NOT NULL,
    date_birth date,
    phone_number character varying(40) NOT NULL,
    created_at date,
    mycode integer
);


ALTER TABLE public.user_profile_user OWNER TO giper_db4;

--
-- Name: user_profile_user_groups; Type: TABLE; Schema: public; Owner: giper_db4
--

CREATE TABLE public.user_profile_user_groups (
    id bigint NOT NULL,
    user_id bigint NOT NULL,
    group_id integer NOT NULL
);


ALTER TABLE public.user_profile_user_groups OWNER TO giper_db4;

--
-- Name: user_profile_user_groups_id_seq; Type: SEQUENCE; Schema: public; Owner: giper_db4
--

ALTER TABLE public.user_profile_user_groups ALTER COLUMN id ADD GENERATED BY DEFAULT AS IDENTITY (
    SEQUENCE NAME public.user_profile_user_groups_id_seq
    START WITH 1
    INCREMENT BY 1
    NO MINVALUE
    NO MAXVALUE
    CACHE 1
);


--
-- Name: user_profile_user_id_seq; Type: SEQUENCE; Schema: public; Owner: giper_db4
--

ALTER TABLE public.user_profile_user ALTER COLUMN id ADD GENERATED BY DEFAULT AS IDENTITY (
    SEQUENCE NAME public.user_profile_user_id_seq
    START WITH 1
    INCREMENT BY 1
    NO MINVALUE
    NO MAXVALUE
    CACHE 1
);


--
-- Name: user_profile_user_user_permissions; Type: TABLE; Schema: public; Owner: giper_db4
--

CREATE TABLE public.user_profile_user_user_permissions (
    id bigint NOT NULL,
    user_id bigint NOT NULL,
    permission_id integer NOT NULL
);


ALTER TABLE public.user_profile_user_user_permissions OWNER TO giper_db4;

--
-- Name: user_profile_user_user_permissions_id_seq; Type: SEQUENCE; Schema: public; Owner: giper_db4
--

ALTER TABLE public.user_profile_user_user_permissions ALTER COLUMN id ADD GENERATED BY DEFAULT AS IDENTITY (
    SEQUENCE NAME public.user_profile_user_user_permissions_id_seq
    START WITH 1
    INCREMENT BY 1
    NO MINVALUE
    NO MAXVALUE
    CACHE 1
);


--
-- Data for Name: PaYme_merchattransactionsmodel; Type: TABLE DATA; Schema: public; Owner: giper_db4
--

COPY public."PaYme_merchattransactionsmodel" (id, _id, transaction_id, order_id, amount, "time", perform_time, cancel_time, state, reason, created_at_ms, created_at, updated_at) FROM stdin;
\.


--
-- Data for Name: PaYme_order; Type: TABLE DATA; Schema: public; Owner: giper_db4
--

COPY public."PaYme_order" (id, amount, created_at, updated_at) FROM stdin;
\.


--
-- Data for Name: auth_group; Type: TABLE DATA; Schema: public; Owner: giper_db4
--

COPY public.auth_group (id, name) FROM stdin;
\.


--
-- Data for Name: auth_group_permissions; Type: TABLE DATA; Schema: public; Owner: giper_db4
--

COPY public.auth_group_permissions (id, group_id, permission_id) FROM stdin;
\.


--
-- Data for Name: auth_permission; Type: TABLE DATA; Schema: public; Owner: giper_db4
--

COPY public.auth_permission (id, name, content_type_id, codename) FROM stdin;
1	Can add log entry	1	add_logentry
2	Can change log entry	1	change_logentry
3	Can delete log entry	1	delete_logentry
4	Can view log entry	1	view_logentry
5	Can add permission	2	add_permission
6	Can change permission	2	change_permission
7	Can delete permission	2	delete_permission
8	Can view permission	2	view_permission
9	Can add group	3	add_group
10	Can change group	3	change_group
11	Can delete group	3	delete_group
12	Can view group	3	view_group
13	Can add content type	4	add_contenttype
14	Can change content type	4	change_contenttype
15	Can delete content type	4	delete_contenttype
16	Can view content type	4	view_contenttype
17	Can add session	5	add_session
18	Can change session	5	change_session
19	Can delete session	5	delete_session
20	Can view session	5	view_session
21	Can add Token	6	add_token
22	Can change Token	6	change_token
23	Can delete Token	6	delete_token
24	Can view Token	6	view_token
25	Can add token	7	add_tokenproxy
26	Can change token	7	change_tokenproxy
27	Can delete token	7	delete_tokenproxy
28	Can view token	7	view_tokenproxy
29	Can add blacklisted token	8	add_blacklistedtoken
30	Can change blacklisted token	8	change_blacklistedtoken
31	Can delete blacklisted token	8	delete_blacklistedtoken
32	Can view blacklisted token	8	view_blacklistedtoken
33	Can add outstanding token	9	add_outstandingtoken
34	Can change outstanding token	9	change_outstandingtoken
35	Can delete outstanding token	9	delete_outstandingtoken
36	Can view outstanding token	9	view_outstandingtoken
37	Can add add_to_wishlist	10	add_add_to_wishlist
38	Can change add_to_wishlist	10	change_add_to_wishlist
39	Can delete add_to_wishlist	10	delete_add_to_wishlist
40	Can view add_to_wishlist	10	view_add_to_wishlist
41	Can add brand	11	add_brand
42	Can change brand	11	change_brand
43	Can delete brand	11	delete_brand
44	Can view brand	11	view_brand
45	Can add slider	12	add_slider
46	Can change slider	12	change_slider
47	Can delete slider	12	delete_slider
48	Can view slider	12	view_slider
49	Can add stock	13	add_stock
50	Can change stock	13	change_stock
51	Can delete stock	13	delete_stock
52	Can view stock	13	view_stock
53	Can add user	14	add_user
54	Can change user	14	change_user
55	Can delete user	14	delete_user
56	Can view user	14	view_user
57	Can add Map	15	add_map
58	Can change Map	15	change_map
59	Can delete Map	15	delete_map
60	Can view Map	15	view_map
61	Can add brand	16	add_brand
62	Can change brand	16	change_brand
63	Can delete brand	16	delete_brand
64	Can view brand	16	view_brand
65	Can add category	17	add_category
66	Can change category	17	change_category
67	Can delete category	17	delete_category
68	Can view category	17	view_category
69	Can add media	18	add_media
70	Can change media	18	change_media
71	Can delete media	18	delete_media
72	Can view media	18	view_media
73	Can add product	19	add_product
74	Can change product	19	change_product
75	Can delete product	19	delete_product
76	Can view product	19	view_product
77	Can add product attribute	20	add_productattribute
78	Can change product attribute	20	change_productattribute
79	Can delete product attribute	20	delete_productattribute
80	Can view product attribute	20	view_productattribute
81	Can add product attribute value	21	add_productattributevalue
82	Can change product attribute value	21	change_productattributevalue
83	Can delete product attribute value	21	delete_productattributevalue
84	Can view product attribute value	21	view_productattributevalue
85	Can add product attribute values	22	add_productattributevalues
86	Can change product attribute values	22	change_productattributevalues
87	Can delete product attribute values	22	delete_productattributevalues
88	Can view product attribute values	22	view_productattributevalues
89	Can add product inventory	23	add_productinventory
90	Can change product inventory	23	change_productinventory
91	Can delete product inventory	23	delete_productinventory
92	Can view product inventory	23	view_productinventory
93	Can add product type	24	add_producttype
94	Can change product type	24	change_producttype
95	Can delete product type	24	delete_producttype
96	Can view product type	24	view_producttype
97	Can add product type attribute	25	add_producttypeattribute
98	Can change product type attribute	25	change_producttypeattribute
99	Can delete product type attribute	25	delete_producttypeattribute
100	Can view product type attribute	25	view_producttypeattribute
101	Can add stock	26	add_stock
102	Can change stock	26	change_stock
103	Can delete stock	26	delete_stock
104	Can view stock	26	view_stock
105	Can add wishlist	27	add_wishlist
106	Can change wishlist	27	change_wishlist
107	Can delete wishlist	27	delete_wishlist
108	Can view wishlist	27	view_wishlist
109	Can add rating	28	add_rating
110	Can change rating	28	change_rating
111	Can delete rating	28	delete_rating
112	Can view rating	28	view_rating
113	Can add cart item	29	add_cartitem
114	Can change cart item	29	change_cartitem
115	Can delete cart item	29	delete_cartitem
116	Can view cart item	29	view_cartitem
117	Can add checkout	30	add_checkout
118	Can change checkout	30	change_checkout
119	Can delete checkout	30	delete_checkout
120	Can view checkout	30	view_checkout
121	Can add product_all	31	add_productallmodel
122	Can change product_all	31	change_productallmodel
123	Can delete product_all	31	delete_productallmodel
124	Can view product_all	31	view_productallmodel
125	Can add merchat transactions model	32	add_merchattransactionsmodel
126	Can change merchat transactions model	32	change_merchattransactionsmodel
127	Can delete merchat transactions model	32	delete_merchattransactionsmodel
128	Can view merchat transactions model	32	view_merchattransactionsmodel
129	Can add order	33	add_order
130	Can change order	33	change_order
131	Can delete order	33	delete_order
132	Can view order	33	view_order
133	Can add site settings	34	add_sitesettings
134	Can change site settings	34	change_sitesettings
135	Can delete site settings	34	delete_sitesettings
136	Can view site settings	34	view_sitesettings
\.


--
-- Data for Name: authtoken_token; Type: TABLE DATA; Schema: public; Owner: giper_db4
--

COPY public.authtoken_token (key, created, user_id) FROM stdin;
98ddf7ea317937f7dc5f3b2e40cacb4f46010fd7	2023-02-25 18:33:38.715856+00	1
\.


--
-- Data for Name: cart_cartitem; Type: TABLE DATA; Schema: public; Owner: giper_db4
--

COPY public.cart_cartitem (id, quantity, total, created_at, updated_at, product_id, user_id) FROM stdin;
184	4	2680	2023-02-26 17:27:41.274616+00	2023-02-26 17:27:53.498929+00	5	2
162	2	1340	2023-02-18 17:49:40.463274+00	2023-02-18 17:49:40.463293+00	5	2
186	2	1340	2023-02-26 17:28:46.299859+00	2023-02-26 17:28:58.633844+00	5	21
7	1	400.00	2023-02-09 15:37:38.105175+00	2023-02-09 15:37:38.105194+00	1	2
8	1	1.00	2023-02-09 15:37:41.405806+00	2023-02-09 15:37:41.405832+00	2	2
9	1	1.00	2023-02-09 15:37:42.187323+00	2023-02-09 15:37:42.187348+00	2	2
10	1	1.00	2023-02-09 15:37:42.35794+00	2023-02-09 15:37:42.357959+00	2	2
11	1	1.00	2023-02-09 15:37:45.406763+00	2023-02-09 15:37:45.406784+00	2	2
12	1	1.00	2023-02-09 15:37:46.058397+00	2023-02-09 15:37:46.058429+00	2	2
13	1	400.00	2023-02-09 15:37:47.73736+00	2023-02-09 15:37:47.737379+00	1	2
14	1	400.00	2023-02-09 15:37:47.895291+00	2023-02-09 15:37:47.895317+00	1	2
15	1	400.00	2023-02-09 15:37:48.072415+00	2023-02-09 15:37:48.072435+00	1	2
16	1	400.00	2023-02-09 15:37:48.384141+00	2023-02-09 15:37:48.384168+00	1	2
17	1	400.00	2023-02-09 15:37:48.558752+00	2023-02-09 15:37:48.558792+00	1	2
188	1	600	2023-02-26 18:06:22.079133+00	2023-02-26 18:06:22.079153+00	4	29
190	1	600	2023-02-26 18:10:39.318067+00	2023-02-26 18:10:39.318129+00	4	29
24	1	1	2023-02-09 17:45:44.598472+00	2023-02-09 17:45:44.598492+00	2	2
25	1	400	2023-02-09 17:45:49.063172+00	2023-02-09 17:45:49.063198+00	1	2
26	1	400.00	2023-02-09 17:52:09.434746+00	2023-02-09 17:52:09.434773+00	1	2
27	1	1.00	2023-02-09 17:52:10.755455+00	2023-02-09 17:52:10.755475+00	2	2
28	1	400	2023-02-09 17:54:32.442421+00	2023-02-09 17:54:32.442442+00	1	2
29	1	1	2023-02-09 17:54:36.160745+00	2023-02-09 17:54:36.160764+00	2	2
30	1	400.00	2023-02-09 19:04:03.472588+00	2023-02-09 19:04:03.472609+00	1	2
35	1	400.00	2023-02-09 19:07:13.7941+00	2023-02-09 19:07:13.794123+00	1	2
36	1	1	2023-02-09 19:07:20.592133+00	2023-02-09 19:07:20.592155+00	2	2
38	1	400.00	2023-02-09 19:08:41.476751+00	2023-02-09 19:08:41.47677+00	1	2
39	1	1.00	2023-02-09 19:08:53.063911+00	2023-02-09 19:08:53.063935+00	2	2
41	1	1	2023-02-09 19:13:44.220259+00	2023-02-09 19:13:44.220278+00	2	2
42	1	1.00	2023-02-09 19:24:59.050262+00	2023-02-09 19:24:59.050318+00	2	2
43	1	400.00	2023-02-09 19:30:47.018605+00	2023-02-09 19:30:47.018634+00	1	2
44	1	400.00	2023-02-09 19:31:08.991813+00	2023-02-09 19:31:08.991832+00	1	2
45	1	400	2023-02-09 20:11:22.130626+00	2023-02-09 20:11:22.130652+00	1	2
46	1	333.00	2023-02-10 02:51:39.117723+00	2023-02-10 02:51:39.11774+00	6	4
47	1	670.00	2023-02-10 02:51:41.640726+00	2023-02-10 02:51:41.64075+00	5	4
48	1	333	2023-02-10 07:10:10.73642+00	2023-02-10 07:10:10.736438+00	6	5
49	1	670.00	2023-02-10 07:10:24.228944+00	2023-02-10 07:10:24.228961+00	5	5
50	1	600.00	2023-02-10 07:10:25.115646+00	2023-02-10 07:10:25.115675+00	4	5
52	1	600.00	2023-02-10 08:24:15.513103+00	2023-02-10 08:24:15.513121+00	3	2
54	1	600.00	2023-02-11 12:44:22.2194+00	2023-02-11 12:44:22.219417+00	3	2
55	1	333.00	2023-02-11 17:03:07.580689+00	2023-02-11 17:03:07.580707+00	6	2
61	1	442.00	2023-02-13 12:54:54.920552+00	2023-02-13 12:54:54.92057+00	1	2
65	1	670	2023-02-13 13:51:23.2558+00	2023-02-13 13:51:23.25582+00	5	8
66	1	333.00	2023-02-14 04:33:25.135394+00	2023-02-14 04:33:25.135412+00	6	9
67	1	670.00	2023-02-14 04:33:26.040519+00	2023-02-14 04:33:26.040542+00	5	9
68	1	600.00	2023-02-14 04:33:26.973025+00	2023-02-14 04:33:26.97305+00	4	9
69	1	600.00	2023-02-14 04:33:28.074383+00	2023-02-14 04:33:28.074408+00	3	9
70	3	999	2023-02-14 07:24:51.846031+00	2023-02-14 07:24:51.846059+00	6	9
71	1	670.00	2023-02-14 07:38:06.718608+00	2023-02-14 07:38:06.718626+00	5	9
72	1	600.00	2023-02-14 07:38:10.134777+00	2023-02-14 07:38:10.134794+00	4	9
74	2	2	2023-02-14 11:07:58.165293+00	2023-02-14 11:07:58.165336+00	1	1
78	1	600	2023-02-15 19:27:05.365619+00	2023-02-15 19:27:05.36564+00	4	12
79	1	670	2023-02-16 06:50:01.881509+00	2023-02-16 06:50:01.881536+00	5	9
83	1	670	2023-02-16 11:45:44.656064+00	2023-02-16 11:45:44.656082+00	5	13
84	1	670	2023-02-16 11:45:44.826374+00	2023-02-16 11:45:44.826392+00	5	13
85	1	670	2023-02-16 11:45:45.011627+00	2023-02-16 11:45:45.011652+00	5	13
86	1	670	2023-02-16 11:45:45.334073+00	2023-02-16 11:45:45.334092+00	5	13
87	1	670	2023-02-16 11:45:45.499856+00	2023-02-16 11:45:45.499881+00	5	13
88	1	670	2023-02-16 11:45:45.672741+00	2023-02-16 11:45:45.672763+00	5	13
89	1	670	2023-02-16 11:45:45.829786+00	2023-02-16 11:45:45.829807+00	5	13
90	1	670	2023-02-16 11:45:46.28899+00	2023-02-16 11:45:46.289013+00	5	13
91	1	670	2023-02-16 11:45:46.61095+00	2023-02-16 11:45:46.610967+00	5	13
92	1	670	2023-02-16 11:45:46.791755+00	2023-02-16 11:45:46.791774+00	5	13
93	1	670	2023-02-16 11:45:46.990334+00	2023-02-16 11:45:46.990355+00	5	13
94	1	670	2023-02-16 11:45:47.281906+00	2023-02-16 11:45:47.281924+00	5	13
95	1	670	2023-02-16 11:45:47.458486+00	2023-02-16 11:45:47.458507+00	5	13
97	1	600	2023-02-16 11:47:00.461387+00	2023-02-16 11:47:00.461418+00	4	2
98	1	600	2023-02-16 11:47:01.942174+00	2023-02-16 11:47:01.942193+00	4	2
99	1	600	2023-02-16 11:47:12.941687+00	2023-02-16 11:47:12.941706+00	4	2
100	1	600	2023-02-16 11:47:13.965589+00	2023-02-16 11:47:13.965648+00	4	2
101	1	600	2023-02-16 11:47:14.155778+00	2023-02-16 11:47:14.155797+00	4	2
102	1	600	2023-02-16 11:47:14.320186+00	2023-02-16 11:47:14.32021+00	4	2
103	1	600	2023-02-16 11:47:14.482113+00	2023-02-16 11:47:14.482132+00	4	2
104	1	600	2023-02-16 11:47:14.672152+00	2023-02-16 11:47:14.672169+00	4	2
105	1	600	2023-02-16 11:47:15.217696+00	2023-02-16 11:47:15.217718+00	4	2
106	1	600	2023-02-16 11:47:15.864587+00	2023-02-16 11:47:15.864607+00	4	2
107	1	600	2023-02-16 11:47:16.303513+00	2023-02-16 11:47:16.303533+00	4	2
108	1	600	2023-02-16 11:47:16.615783+00	2023-02-16 11:47:16.615806+00	4	2
109	1	600	2023-02-16 11:47:16.990881+00	2023-02-16 11:47:16.990898+00	4	2
110	1	600	2023-02-16 11:47:17.213011+00	2023-02-16 11:47:17.213029+00	4	2
111	1	600	2023-02-16 11:47:17.366927+00	2023-02-16 11:47:17.366952+00	4	2
112	1	600	2023-02-16 11:47:17.548469+00	2023-02-16 11:47:17.548487+00	4	2
113	1	600	2023-02-16 11:47:17.72412+00	2023-02-16 11:47:17.72414+00	4	2
114	1	600	2023-02-16 11:47:17.92672+00	2023-02-16 11:47:17.926737+00	4	2
115	1	600	2023-02-16 11:48:15.97454+00	2023-02-16 11:48:15.974566+00	4	2
116	1	600	2023-02-16 11:48:16.999624+00	2023-02-16 11:48:16.999641+00	4	2
117	1	600	2023-02-16 11:48:17.280259+00	2023-02-16 11:48:17.280276+00	4	2
118	1	600	2023-02-16 11:48:17.433181+00	2023-02-16 11:48:17.433238+00	4	2
119	1	333	2023-02-16 11:48:26.05157+00	2023-02-16 11:48:26.051588+00	6	2
120	1	333	2023-02-16 11:48:26.830479+00	2023-02-16 11:48:26.830497+00	6	2
121	1	333	2023-02-16 11:48:27.195125+00	2023-02-16 11:48:27.195145+00	6	2
122	1	333	2023-02-16 11:48:27.694456+00	2023-02-16 11:48:27.694476+00	6	2
123	1	333	2023-02-16 11:48:27.942805+00	2023-02-16 11:48:27.942828+00	6	2
124	1	333	2023-02-16 11:48:28.176027+00	2023-02-16 11:48:28.176061+00	6	2
125	1	333	2023-02-16 11:48:28.595997+00	2023-02-16 11:48:28.596015+00	6	2
127	1	333	2023-02-16 11:49:51.142366+00	2023-02-16 11:49:51.142392+00	6	2
128	1	670	2023-02-16 11:49:54.270838+00	2023-02-16 11:49:54.270857+00	5	2
130	1	333	2023-02-16 11:51:54.928221+00	2023-02-16 11:51:54.92824+00	6	2
131	1	333	2023-02-16 11:52:06.763182+00	2023-02-16 11:52:06.763201+00	6	2
132	1	333	2023-02-16 11:52:09.835334+00	2023-02-16 11:52:09.835354+00	6	2
135	1	670	2023-02-16 11:57:17.281371+00	2023-02-16 11:57:17.28139+00	5	2
136	1	333	2023-02-16 12:04:00.395225+00	2023-02-16 12:04:00.395244+00	6	13
185	1	600	2023-02-26 17:27:50.043323+00	2023-02-26 17:27:50.043345+00	4	2
139	1	333	2023-02-16 18:35:38.194592+00	2023-02-16 18:35:38.194612+00	6	14
187	1	333	2023-02-26 17:28:47.415958+00	2023-02-26 17:28:47.415983+00	6	21
141	12	7200	2023-02-16 19:00:09.43686+00	2023-02-16 19:00:09.436879+00	4	14
142	1	600	2023-02-16 19:01:39.574547+00	2023-02-16 19:01:39.574569+00	4	14
143	1	333	2023-02-17 08:39:58.433005+00	2023-02-17 08:39:58.433023+00	6	13
189	1	333	2023-02-26 18:06:27.428418+00	2023-02-26 18:06:27.428446+00	6	29
191	1	600	2023-02-26 18:10:44.075661+00	2023-02-26 18:10:44.075682+00	3	29
146	1	670	2023-02-17 08:41:27.855484+00	2023-02-17 08:41:27.855508+00	5	13
147	1	670	2023-02-17 09:10:26.544812+00	2023-02-17 09:10:26.54483+00	5	2
148	1	600	2023-02-17 09:14:18.882771+00	2023-02-17 09:14:18.882788+00	4	2
192	1	1	2023-02-26 18:22:58.316409+00	2023-02-26 18:22:58.316436+00	1	1
150	1	600	2023-02-17 09:51:57.609188+00	2023-02-17 09:51:57.609208+00	4	2
151	1	670	2023-02-17 09:54:33.139624+00	2023-02-17 09:54:33.139642+00	5	2
152	1	600	2023-02-17 09:54:33.970359+00	2023-02-17 09:54:33.970378+00	4	2
193	1	600	2023-02-26 18:37:37.62327+00	2023-02-26 18:37:37.623291+00	4	29
163	1	333	2023-02-18 17:49:44.013946+00	2023-02-18 17:49:44.013965+00	6	2
171	1	333	2023-02-26 15:14:31.455485+00	2023-02-26 15:14:31.455504+00	6	2
172	1	333	2023-02-26 15:15:06.493184+00	2023-02-26 15:15:06.493202+00	6	2
173	1	600	2023-02-26 15:23:36.612639+00	2023-02-26 15:23:36.61266+00	4	2
174	1	333	2023-02-26 15:31:57.175987+00	2023-02-26 15:31:57.176009+00	6	2
175	1	670	2023-02-26 15:33:30.352008+00	2023-02-26 15:33:30.352026+00	5	2
177	1	600	2023-02-26 15:50:57.746219+00	2023-02-26 15:50:57.746239+00	4	28
183	1	670	2023-02-26 17:26:08.380214+00	2023-02-26 17:26:08.380233+00	5	2
\.


--
-- Data for Name: checkout_checkout; Type: TABLE DATA; Schema: public; Owner: giper_db4
--

COPY public.checkout_checkout (id, full_name, phone_number, region, town, address, comment, "PAY_STATUS", "NAXT_STATUS", created_at, user_id) FROM stdin;
1	Bahtibek Anvarov	998901234567	20	10	ads	ads	t	t	2023-02-09 15:42:57.147232+00	2
2	Bahtibek Anvarov	998901234567	20	20	adsd	sad	t	t	2023-02-09 17:46:05.899577+00	2
3	Bahtibek Anvarov	998901234567	10	20	dsa	das	t	t	2023-02-09 17:47:05.282533+00	2
4	Bahtibek Anvarov	998901234567	30	20	ads	dsa	t	t	2023-02-09 17:52:22.028618+00	2
5	Bahtibek Anvarov	998901234567	20	20	dsadas	das	t	t	2023-02-09 17:55:55.395173+00	2
6	Bahtibek Anvarov	998901234567	20	20	ewf	fw	t	t	2023-02-09 19:04:30.091116+00	2
7	Bahtibek Anvarov	998901234567	20	20	das	dsa	t	t	2023-02-09 19:09:53.384068+00	2
8	Bahtibek Anvarov	998901234567	20	20	dsa	das	t	t	2023-02-09 19:13:55.618058+00	2
9	Bahtibek Anvarov	998901234567	10	10	dqw	dw	t	t	2023-02-09 19:25:18.18977+00	2
10	Bahtibek Anvarov	998901234567	10	10	dsa	выф	t	t	2023-02-09 19:31:01.473399+00	2
11	Bahtibek Anvarov	998901234567	20	10	ыфв	вфы	t	t	2023-02-09 19:31:21.518223+00	2
12	Jasur Abdibayev	998996953578	20	20	Tjk	Hjk	t	f	2023-02-10 02:52:45.42113+00	4
13	Abdulla Abduqulov	998990054501	20	10	Tjk	dawdawdawdawdawdwadawdwa	t	t	2023-02-10 07:12:53.95698+00	5
14	Bahtibek Anvarov	998901234567	20	20	dsa	dsa	t	t	2023-02-10 08:24:33.010773+00	2
15	Bahtibek Anvarov	998901234567	20	10	sasdsad	123	t	t	2023-02-11 12:44:55.534412+00	2
16	Bahtibek Anvarov	998901234567	Ташкентская область	Искандар	+998 __ ___ __ __	dasa	t	t	2023-02-12 20:17:38.084952+00	2
17	Hushnud Qurbonboyev	998932252704	Ташкентская область	Газалкент	Tjk	dwadawdwa	t	f	2023-02-14 04:35:44.383242+00	9
18	Hushnud Qurbonboyev	998932252704	Ташкентская область	Чирчик	Tjk	dawdw	t	f	2023-02-14 07:25:35.240049+00	9
21	string	string	string	string	string	string	t	f	2023-02-14 11:08:07.983009+00	1
22	Asadbek ITDodasi	998971579575	Бухарская область	Газли	fidokor 12	123213	t	t	2023-02-16 18:39:07.409358+00	14
23	Bahtibek Anvarov	998901234567	Наманганская область	Туракурган	fds	asfds	t	t	2023-02-17 09:14:30.070645+00	2
24	1234 1234	123456	Андижанская область	Алтынкуль	123	213	t	t	2023-02-18 19:35:57.158079+00	13
25	1234 1234	123456	Бухарская область	Газли	asd	sad	t	t	2023-02-18 19:37:30.822628+00	13
26	111111 121	111111	Кашкадарьинская область	Чиракчи	dsdsSAdsDDSAD	SADSADDSASAsa	t	t	2023-02-18 19:39:53.218217+00	15
27	111111 121	111111	Кашкадарьинская область	Карашина	dsfds	dsfds	t	t	2023-02-18 19:41:05.345151+00	15
28	dsa	21321	Ташкентская область	Назарбек	432	dsa	t	t	2023-02-26 15:14:38.430432+00	2
29	dsa	21321	Ташкентская область	Назарбек	432	rew	t	t	2023-02-26 15:15:13.736855+00	2
30	dsa	21321	Ташкентская область	Назарбек	432	fds	t	t	2023-02-26 15:31:24.869019+00	2
31	dsa	21321	Ташкентская область	Назарбек	432	fwe	t	t	2023-02-26 15:32:08.204028+00	2
32	dsa	21321	Ташкентская область	Назарбек	432	dedewdedededededededededededededed	t	t	2023-02-26 15:33:56.498896+00	2
33	Ibrokhim Ergashov	234534565626	Ташкент.Ш	Юнусабадский район	234646	356346	t	t	2023-02-26 15:51:30.07492+00	28
34	ыа	3	Кашкадарьинская область	Муглан	а	f	t	t	2023-02-26 17:31:42.075489+00	21
35	dsa	21321	Ташкентская область	Назарбек	432	das	t	t	2023-02-26 18:02:24.683135+00	2
36	das	43	Наманганская область	Ташбулак	412`	432	t	t	2023-02-26 18:06:44.958086+00	29
37	dsa	234132	Наманганская область	Хаккулабад	432	432	t	t	2023-02-26 18:22:22.721241+00	29
38	das	321	Кашкадарьинская область	Касан	432	432	t	t	2023-02-26 18:23:26.909113+00	29
39	das`	432	Бухарская область	Бухара	432`	432	t	t	2023-02-26 18:24:24.131108+00	29
40	321	321	Кашкадарьинская область	Бешкент	431	43	t	t	2023-02-26 18:25:51.981908+00	29
\.


--
-- Data for Name: checkout_checkout_cart; Type: TABLE DATA; Schema: public; Owner: giper_db4
--

COPY public.checkout_checkout_cart (id, checkout_id, cartitem_id) FROM stdin;
3	2	24
4	2	25
5	3	24
6	3	25
7	4	26
8	4	27
9	5	28
10	5	29
11	6	30
12	7	35
13	7	36
14	8	41
15	9	42
16	10	43
17	11	44
18	12	46
19	12	47
20	13	48
21	13	49
22	13	50
23	14	52
24	15	54
25	16	45
26	17	66
27	17	67
28	17	68
29	17	69
30	18	70
39	21	74
40	22	139
41	23	147
42	23	148
50	28	171
51	29	172
52	30	173
53	31	174
54	32	175
55	33	177
56	34	186
57	34	187
58	35	183
59	36	188
60	36	189
61	37	190
62	37	191
63	38	190
64	38	191
65	39	190
66	39	191
67	40	190
68	40	191
\.


--
-- Data for Name: dashboard_api_sitesettings; Type: TABLE DATA; Schema: public; Owner: giper_db4
--

COPY public.dashboard_api_sitesettings (id, logo, phonenumbers, site_type, description, link) FROM stdin;
13		\N	\N	уывиктки	https://yruoebgair.tk/
\.


--
-- Data for Name: django_admin_log; Type: TABLE DATA; Schema: public; Owner: giper_db4
--

COPY public.django_admin_log (id, action_time, object_id, object_repr, action_flag, change_message, content_type_id, user_id) FROM stdin;
1	2023-02-09 12:17:50.779545+00	1	Category1	1	[{"added": {}}]	17	1
2	2023-02-09 12:18:01.153285+00	1	phone	1	[{"added": {}}]	24	1
3	2023-02-09 12:18:05.176005+00	1	apple	1	[{"added": {}}]	16	1
4	2023-02-09 12:18:20.100506+00	1	Product1	1	[{"added": {}}, {"added": {"name": "product inventory", "object": "1"}}]	19	1
5	2023-02-09 14:26:49.06135+00	1	Камера	1	[{"added": {}}]	20	1
6	2023-02-09 14:26:53.226204+00	1	18MP	1	[{"added": {}}]	21	1
7	2023-02-09 14:27:00.473305+00	2	Память	1	[{"added": {}}]	20	1
8	2023-02-09 14:27:04.503697+00	2	32GB	1	[{"added": {}}]	21	1
9	2023-02-09 14:28:00.605824+00	3	Обьем оперативной памяти	1	[{"added": {}}]	20	1
10	2023-02-09 14:28:07.216019+00	3	2GB	1	[{"added": {}}]	21	1
11	2023-02-09 14:28:40.181822+00	1	Бренд	2	[{"changed": {"fields": ["Name"]}}]	20	1
12	2023-02-09 14:29:04.231249+00	2	Обьем встроенной памяти	2	[{"changed": {"fields": ["Name"]}}]	20	1
13	2023-02-09 14:29:17.440785+00	1	Apple	2	[{"changed": {"fields": ["Attribute value"]}}]	21	1
14	2023-02-09 14:29:25.410958+00	4	Samsung	1	[{"added": {}}]	21	1
15	2023-02-09 14:29:41.363878+00	5	6GB	1	[{"added": {}}]	21	1
16	2023-02-09 14:29:53.367849+00	6	64GB	1	[{"added": {}}]	21	1
17	2023-02-09 14:30:25.997595+00	1	Iphone13	2	[{"changed": {"fields": ["Name", "Slug"]}}]	19	1
18	2023-02-09 14:30:28.528091+00	1	1	2	[{"added": {"name": "product attribute values", "object": "1"}}, {"added": {"name": "product attribute values", "object": "1"}}, {"added": {"name": "product attribute values", "object": "1"}}]	23	1
19	2023-02-09 14:30:59.671739+00	1	1	2	[{"added": {"name": "media", "object": "Media object (1)"}}]	23	1
20	2023-02-09 14:34:56.264126+00	2	1	3		22	1
21	2023-02-09 14:35:03.934987+00	3	1	3		22	1
22	2023-02-09 14:35:03.937682+00	1	1	3		22	1
23	2023-02-09 14:35:24.334647+00	5	6GB	3		21	1
24	2023-02-09 14:35:24.339136+00	4	Samsung	3		21	1
25	2023-02-09 14:35:24.341292+00	3	2GB	3		21	1
26	2023-02-09 14:36:20.023806+00	1	1	2	[{"added": {"name": "product attribute values", "object": "1"}}, {"added": {"name": "product attribute values", "object": "1"}}]	23	1
27	2023-02-09 14:38:58.456395+00	3	Обьем оперативной памяти	2	[{"changed": {"fields": ["Description"]}}]	20	1
28	2023-02-09 14:39:01.984538+00	2	Обьем встроенной памяти	2	[{"changed": {"fields": ["Description"]}}]	20	1
29	2023-02-09 14:39:05.549173+00	1	Бренд	2	[{"changed": {"fields": ["Description"]}}]	20	1
30	2023-02-09 15:15:18.473512+00	2	Iphone 14 Pro Max	1	[{"added": {}}]	19	1
31	2023-02-09 15:17:23.385838+00	2	Iphone 14 Pro Max	2	[{"added": {"name": "product inventory", "object": "2"}}]	19	1
32	2023-02-09 18:00:49.365454+00	2	Iphone 14 Pro Max	2	[{"changed": {"name": "product inventory", "object": "2", "fields": ["Installment plan"]}}]	19	1
33	2023-02-09 18:00:55.468001+00	1	Iphone13	2	[]	19	1
34	2023-02-09 18:01:24.664061+00	7	128GB	1	[{"added": {}}]	21	1
35	2023-02-09 18:01:29.094722+00	2	2	2	[{"added": {"name": "product attribute values", "object": "2"}}, {"added": {"name": "product attribute values", "object": "2"}}]	23	1
36	2023-02-09 18:02:12.915941+00	8	512GB	1	[{"added": {}}]	21	1
37	2023-02-09 18:02:14.528335+00	2	2	2	[{"changed": {"name": "product attribute values", "object": "2", "fields": ["Attributevalues"]}}]	23	1
38	2023-02-09 18:09:40.951016+00	7	2	3		22	1
39	2023-02-09 18:09:40.953622+00	6	2	3		22	1
40	2023-02-09 18:10:00.786691+00	8	512GB	3		21	1
41	2023-02-09 18:10:00.789427+00	7	128GB	3		21	1
42	2023-02-09 20:09:22.017181+00	1	ProductAllModel object (1)	1	[{"added": {}}]	31	1
43	2023-02-09 20:14:12.093381+00	1	Смартфоны и гаджеты	2	[{"changed": {"fields": ["Name", "Slug", "Background image"]}}]	17	1
44	2023-02-09 20:15:12.836533+00	1	Смартфоны и гаджеты	2	[{"changed": {"fields": ["Background image"]}}]	17	1
45	2023-02-09 20:15:47.411434+00	2	Ноутбуки и принтеры	1	[{"added": {}}]	17	1
46	2023-02-09 20:16:07.345451+00	3	Телевизоры и медиа	1	[{"added": {}}]	17	1
47	2023-02-09 20:16:24.180768+00	4	Все для кухни	1	[{"added": {}}]	17	1
48	2023-02-09 20:16:46.537604+00	5	Смартфоны	1	[{"added": {}}]	17	1
49	2023-02-09 20:17:02.207166+00	6	Планшеты	1	[{"added": {}}]	17	1
50	2023-02-09 20:17:14.354627+00	7	Наушники	1	[{"added": {}}]	17	1
51	2023-02-09 20:17:42.458333+00	8	Монитор	1	[{"added": {}}]	17	1
52	2023-02-09 20:17:51.827019+00	9	mac mini	1	[{"added": {}}]	17	1
53	2023-02-09 20:18:23.317751+00	10	Акксесуары	1	[{"added": {}}]	17	1
54	2023-02-09 20:18:36.242035+00	11	Проекторы	1	[{"added": {}}]	17	1
55	2023-02-09 20:18:45.388706+00	9	mac mini	2	[{"changed": {"fields": ["Is active", "Parent"]}}]	17	1
56	2023-02-09 20:19:34.029163+00	12	Духовые шкафы	1	[{"added": {}}]	17	1
57	2023-02-09 20:19:45.63781+00	13	Морозильные камеры	1	[{"added": {}}]	17	1
58	2023-02-09 20:19:55.368615+00	14	Соковыжималки	1	[{"added": {}}]	17	1
59	2023-02-09 20:21:28.455682+00	1	Slider object (1)	1	[{"added": {}}]	12	1
60	2023-02-09 20:21:34.64878+00	1	Slider object (1)	2	[]	12	1
61	2023-02-09 20:21:46.843423+00	2	Slider object (2)	1	[{"added": {}}]	12	1
62	2023-02-09 20:22:00.013607+00	3	Slider object (3)	1	[{"added": {}}]	12	1
63	2023-02-09 20:23:26.720523+00	1	Iphone13	2	[{"changed": {"fields": ["Category"]}}]	19	1
64	2023-02-09 20:27:00.228116+00	15	Ноутбуки	1	[{"added": {}}]	17	1
65	2023-02-09 20:27:57.613965+00	1	Acer Aspire 3 Intel Core i3-1005G1/8GB/1TB HDD/Intel UHD 15.6" (A315-56-32ZB) Rococo Red	2	[{"changed": {"fields": ["Name", "Slug", "Description", "Category", "Is recommended", "USA product"]}}, {"changed": {"name": "product inventory", "object": "1", "fields": ["Price", "Sale price"]}}]	19	1
66	2023-02-09 20:28:53.629709+00	2	Acer Aspire 3 Intel Celeron N4020/4GB/500GB HDD/Intel UHD 15.6" (A315-34-C61M) Charcoal Black	2	[{"changed": {"fields": ["Name", "Slug", "Description", "Category", "Status"]}}, {"changed": {"name": "product inventory", "object": "2", "fields": ["Is default", "Price", "Sale price", "Installment plan", "Is on sale"]}}]	19	1
67	2023-02-09 20:29:17.427015+00	1	1	2	[{"changed": {"name": "media", "object": "Media object (1)", "fields": ["Img url"]}}]	23	1
68	2023-02-09 20:29:31.514864+00	2	2	2	[{"added": {"name": "media", "object": "Media object (2)"}}]	23	1
69	2023-02-09 20:31:25.181141+00	16	Красота и здоровье	1	[{"added": {}}]	17	1
70	2023-02-09 20:32:44.635447+00	1	Stock object (1)	1	[{"added": {}}]	13	1
71	2023-02-09 20:32:53.358746+00	2	Stock object (2)	1	[{"added": {}}]	13	1
72	2023-02-09 20:33:04.462612+00	3	Stock object (3)	1	[{"added": {}}]	13	1
73	2023-02-09 20:37:20.943479+00	3	Iphone13pro	1	[{"added": {}}, {"added": {"name": "product inventory", "object": "4"}}]	19	1
74	2023-02-09 20:37:25.455752+00	1	Brand object (1)	1	[{"added": {}}]	11	1
75	2023-02-09 20:40:11.663006+00	4	Oppo1	1	[{"added": {}}, {"added": {"name": "product inventory", "object": "42"}}]	19	1
76	2023-02-09 20:42:00.041395+00	5	Ноутбук hp 15s-eq1072ur 20F11EA	1	[{"added": {}}, {"added": {"name": "product inventory", "object": "234"}}]	19	1
77	2023-02-09 20:44:51.970864+00	6	Huawei Noa 10	1	[{"added": {}}, {"added": {"name": "product inventory", "object": "32"}}]	19	1
78	2023-02-09 20:46:07.619851+00	6	32	2	[{"added": {"name": "media", "object": "Media object (3)"}}]	23	1
79	2023-02-09 20:46:29.609162+00	5	234	2	[{"added": {"name": "media", "object": "Media object (4)"}}]	23	1
80	2023-02-09 20:46:49.349246+00	4	42	2	[{"added": {"name": "media", "object": "Media object (5)"}}]	23	1
81	2023-02-09 20:47:09.979419+00	3	4	2	[{"added": {"name": "media", "object": "Media object (6)"}}]	23	1
82	2023-02-09 20:47:34.353292+00	2	Huawei	1	[{"added": {}}]	16	1
83	2023-02-09 20:47:38.661961+00	3	Samsung	1	[{"added": {}}]	16	1
84	2023-02-09 20:49:56.051681+00	7	Смартфон Samsung Galaxy S22	1	[{"added": {}}, {"added": {"name": "product inventory", "object": "543"}}]	19	1
85	2023-02-09 20:50:25.666298+00	2	Brand object (2)	1	[{"added": {}}]	11	1
86	2023-02-09 20:50:56.503732+00	3	Brand object (3)	1	[{"added": {}}]	11	1
87	2023-02-09 20:51:18.558904+00	4	Brand object (4)	1	[{"added": {}}]	11	1
88	2023-02-09 20:51:50.713204+00	5	Brand object (5)	1	[{"added": {}}]	11	1
89	2023-02-09 20:52:11.008427+00	6	Brand object (6)	1	[{"added": {}}]	11	1
90	2023-02-09 20:55:20.202715+00	9	Acer	1	[{"added": {}}]	21	1
91	2023-02-09 20:55:40.697552+00	4	Процессор	1	[{"added": {}}]	20	1
92	2023-02-09 20:55:42.650531+00	10	Celeron N4020	1	[{"added": {}}]	21	1
93	2023-02-09 20:56:14.182853+00	11	4GB	1	[{"added": {}}]	21	1
94	2023-02-09 20:56:17.656718+00	2	2	2	[{"added": {"name": "product attribute values", "object": "2"}}, {"added": {"name": "product attribute values", "object": "2"}}, {"added": {"name": "product attribute values", "object": "2"}}]	23	1
95	2023-02-09 20:56:40.713125+00	3	Iphone13pro	2	[{"changed": {"fields": ["Category"]}}]	19	1
96	2023-02-09 20:56:50.757714+00	7	Смартфон Samsung Galaxy S22	2	[{"changed": {"fields": ["Category"]}}]	19	1
97	2023-02-09 20:58:10.859539+00	1	1	2	[{"changed": {"name": "product attribute values", "object": "1", "fields": ["Attributevalues"]}}, {"changed": {"name": "product attribute values", "object": "1", "fields": ["Attributevalues"]}}]	23	1
98	2023-02-09 20:59:44.516754+00	1	ProductAllModel object (1)	2	[{"changed": {"fields": ["Atributes value"]}}]	31	1
99	2023-02-09 21:00:19.38431+00	2	Acer Aspire 3 Intel Celeron N4020/4GB/500GB HDD/Intel UHD 15.6" (A315-34-C61M) Charcoal Black	2	[{"changed": {"fields": ["Category"]}}]	19	1
100	2023-02-09 21:01:14.409501+00	2	ProductAllModel object (2)	1	[{"added": {}}]	31	1
101	2023-02-09 21:46:31.812545+00	7	543	2	[{"added": {"name": "media", "object": "Media object (7)"}}]	23	1
102	2023-02-10 11:10:43.051281+00	7	Смартфон Samsung Galaxy S22	2	[{"changed": {"fields": ["Category"]}}]	19	1
103	2023-02-12 08:23:04.291807+00	18	fdsfds	1	[{"added": {}}]	17	1
104	2023-02-12 20:25:58.77612+00	1	Acer Aspire 3 Intel Core i3-1005G1/8GB/1TB HDD/Intel UHD 15.6" (A315-56-32ZB) Rococo Red	2	[{"changed": {"fields": ["Category"]}}]	19	7
105	2023-02-12 20:26:07.839685+00	5	Ноутбук hp 15s-eq1072ur 20F11EA	2	[{"changed": {"fields": ["Category"]}}]	19	7
106	2023-02-12 21:19:40.464618+00	8	продукт1	1	[{"added": {}}, {"added": {"name": "product inventory", "object": "3123"}}]	19	7
107	2023-02-14 16:08:46.461202+00	8	3123	2	[{"added": {"name": "media", "object": "Media object (8)"}}]	23	7
108	2023-02-14 16:10:19.911955+00	18	fdsfds	3		17	7
109	2023-02-14 16:11:04.18819+00	8	3123	2	[{"added": {"name": "product attribute values", "object": "3123"}}, {"added": {"name": "product attribute values", "object": "3123"}}]	23	7
110	2023-02-14 16:12:04.759813+00	9	Духовой шкаф	1	[{"added": {}}, {"added": {"name": "product inventory", "object": "4145"}}]	19	7
111	2023-02-14 16:12:40.269529+00	10	Морозильные камера	1	[{"added": {}}, {"added": {"name": "product inventory", "object": "566"}}]	19	7
112	2023-02-14 16:13:20.909038+00	9	4145	2	[{"added": {"name": "media", "object": "Media object (9)"}}]	23	7
113	2023-02-14 16:13:33.904459+00	10	566	2	[{"added": {"name": "media", "object": "Media object (10)"}}]	23	7
114	2023-02-16 10:27:51.943207+00	11	Ipxone X	1	[{"added": {}}]	19	7
115	2023-02-16 10:29:59.94893+00	11	Ipxone X	2	[{"added": {"name": "product inventory", "object": "MQC22J/A"}}]	19	7
116	2023-02-16 10:30:17.916992+00	11	MQC22J/A	2	[{"added": {"name": "product attribute values", "object": "MQC22J/A"}}]	23	7
117	2023-02-16 10:30:29.412277+00	11	MQC22J/A	2	[{"added": {"name": "product attribute values", "object": "MQC22J/A"}}]	23	7
118	2023-02-16 10:32:01.447983+00	11	MQC22J/A	2	[{"added": {"name": "media", "object": "Media object (11)"}}, {"added": {"name": "media", "object": "Media object (12)"}}, {"added": {"name": "media", "object": "Media object (13)"}}, {"added": {"name": "media", "object": "Media object (14)"}}]	23	7
119	2023-02-16 10:32:22.076947+00	11	Ipxone X	2	[{"changed": {"fields": ["Description"]}}]	19	7
120	2023-02-19 10:59:53.057421+00	6	Huawei Noa 10a	2	[{"changed": {"fields": ["Name", "Slug", "USA product"]}}]	19	7
121	2023-02-19 11:01:34.145373+00	12	test-elastic	1	[{"added": {}}, {"added": {"name": "product inventory", "object": "4343"}}]	19	7
122	2023-02-19 22:47:10.545911+00	41	https://yruoebgair.tk/media/category-backgrounds/krasota.png	1	[{"added": {}}]	17	7
123	2023-02-19 22:47:41.386936+00	41	https://yruoebgair.tk/media/category-backgrounds/krasota.png	3		17	7
137	2023-02-26 15:16:37.249909+00	1	Acer Aspire 3 Intel Core i3-1005G1/8GB/1TB HDD/Intel UHD 15.6" (A315-56-32ZB) Rococo Red	2	[]	19	27
138	2023-02-27 07:19:36.514791+00	1	1	1	[{"added": {}}]	32	27
139	2023-02-27 07:19:50.570419+00	1	1	3		32	27
\.


--
-- Data for Name: django_content_type; Type: TABLE DATA; Schema: public; Owner: giper_db4
--

COPY public.django_content_type (id, app_label, model) FROM stdin;
1	admin	logentry
2	auth	permission
3	auth	group
4	contenttypes	contenttype
5	sessions	session
6	authtoken	token
7	authtoken	tokenproxy
8	token_blacklist	blacklistedtoken
9	token_blacklist	outstandingtoken
10	outside	add_to_wishlist
11	outside	brand
12	outside	slider
13	outside	stock
14	user_profile	user
15	user_profile	map
16	products	brand
17	products	category
18	products	media
19	products	product
20	products	productattribute
21	products	productattributevalue
22	products	productattributevalues
23	products	productinventory
24	products	producttype
25	products	producttypeattribute
26	products	stock
27	products	wishlist
28	products	rating
29	cart	cartitem
30	checkout	checkout
31	products	productallmodel
32	PaYme	merchattransactionsmodel
33	PaYme	order
34	dashboard_api	sitesettings
\.


--
-- Data for Name: django_migrations; Type: TABLE DATA; Schema: public; Owner: giper_db4
--

COPY public.django_migrations (id, app, name, applied) FROM stdin;
1	contenttypes	0001_initial	2023-02-09 12:16:25.864186+00
2	contenttypes	0002_remove_content_type_name	2023-02-09 12:16:25.923592+00
3	auth	0001_initial	2023-02-09 12:16:25.982988+00
4	auth	0002_alter_permission_name_max_length	2023-02-09 12:16:25.990326+00
5	auth	0003_alter_user_email_max_length	2023-02-09 12:16:25.998236+00
6	auth	0004_alter_user_username_opts	2023-02-09 12:16:26.006538+00
7	auth	0005_alter_user_last_login_null	2023-02-09 12:16:26.014047+00
8	auth	0006_require_contenttypes_0002	2023-02-09 12:16:26.016991+00
9	auth	0007_alter_validators_add_error_messages	2023-02-09 12:16:26.024383+00
10	auth	0008_alter_user_username_max_length	2023-02-09 12:16:26.031691+00
11	auth	0009_alter_user_last_name_max_length	2023-02-09 12:16:26.039507+00
12	auth	0010_alter_group_name_max_length	2023-02-09 12:16:26.048104+00
13	auth	0011_update_proxy_permissions	2023-02-09 12:16:26.056138+00
14	auth	0012_alter_user_first_name_max_length	2023-02-09 12:16:26.064394+00
15	user_profile	0001_initial	2023-02-09 12:16:26.134046+00
16	admin	0001_initial	2023-02-09 12:16:26.162853+00
17	admin	0002_logentry_remove_auto_add	2023-02-09 12:16:26.174681+00
18	admin	0003_logentry_add_action_flag_choices	2023-02-09 12:16:26.184529+00
19	authtoken	0001_initial	2023-02-09 12:16:26.207255+00
20	authtoken	0002_auto_20160226_1747	2023-02-09 12:16:26.239765+00
21	authtoken	0003_tokenproxy	2023-02-09 12:16:26.244102+00
22	products	0001_initial	2023-02-09 12:16:26.379383+00
23	cart	0001_initial	2023-02-09 12:16:26.389207+00
24	cart	0002_initial	2023-02-09 12:16:26.402236+00
25	cart	0003_initial	2023-02-09 12:16:26.422858+00
26	checkout	0001_initial	2023-02-09 12:16:26.449408+00
27	checkout	0002_alter_order_cart	2023-02-09 12:16:26.467355+00
28	checkout	0003_rename_order_checkout	2023-02-09 12:16:26.501865+00
29	checkout	0004_remove_checkout_cart_checkout_cart	2023-02-09 12:16:26.55457+00
30	checkout	0005_checkout_user	2023-02-09 12:16:26.575157+00
31	checkout	0006_alter_checkout_user	2023-02-09 12:16:26.590733+00
32	outside	0001_initial	2023-02-09 12:16:26.6358+00
33	outside	0002_initial	2023-02-09 12:16:26.683583+00
34	outside	0003_initial	2023-02-09 12:16:26.7085+00
35	products	0002_initial	2023-02-09 12:16:27.039003+00
36	products	0003_rename_related_product_product_is_recommended_and_more	2023-02-09 12:16:27.211392+00
37	products	0004_productinventory_installment_plan	2023-02-09 12:16:27.231724+00
38	products	0005_rating	2023-02-09 12:16:27.272523+00
39	sessions	0001_initial	2023-02-09 12:16:27.291243+00
40	token_blacklist	0001_initial	2023-02-09 12:16:27.394797+00
41	token_blacklist	0002_outstandingtoken_jti_hex	2023-02-09 12:16:27.415022+00
42	token_blacklist	0003_auto_20171017_2007	2023-02-09 12:16:27.457694+00
43	token_blacklist	0004_auto_20171017_2013	2023-02-09 12:16:27.491045+00
44	token_blacklist	0005_remove_outstandingtoken_jti	2023-02-09 12:16:27.510342+00
45	token_blacklist	0006_auto_20171017_2113	2023-02-09 12:16:27.535889+00
46	token_blacklist	0007_auto_20171017_2214	2023-02-09 12:16:27.592839+00
47	token_blacklist	0008_migrate_to_bigautofield	2023-02-09 12:16:27.675247+00
48	token_blacklist	0010_fix_migrate_to_bigautofield	2023-02-09 12:16:27.718456+00
49	token_blacklist	0011_linearizes_history	2023-02-09 12:16:27.722313+00
50	token_blacklist	0012_alter_outstandingtoken_user	2023-02-09 12:16:27.756551+00
51	user_profile	0002_remove_user_avatar_image	2023-02-09 12:16:27.776292+00
52	cart	0004_alter_cartitem_options	2023-02-09 14:25:48.692297+00
53	products	0006_productallmodel	2023-02-09 20:05:14.224019+00
54	products	0007_alter_productallmodel_options	2023-02-09 20:05:14.240788+00
55	products	0008_remove_productallmodel_atributes_value_and_more	2023-02-09 20:09:04.296563+00
56	products	0009_remove_product_rating	2023-02-10 12:18:48.13914+00
57	outside	0004_alter_brand_category_alter_brand_product	2023-02-10 12:27:13.347289+00
58	products	0003_alter_productinventory_weight	2023-02-19 10:52:55.434803+00
59	products	0004_alter_productinventory_weight	2023-02-19 10:52:55.453953+00
60	products	0003_category_test_image_alter_productinventory_weight	2023-02-19 22:54:55.345269+00
61	products	0005_alter_productinventory_weight	2023-02-20 11:34:40.642302+00
62	products	0006_alter_productinventory_weight	2023-02-20 11:34:40.662828+00
63	products	0007_alter_productinventory_weight	2023-02-20 11:34:40.681118+00
64	products	0005_alter_productinventory_product	2023-02-20 11:34:40.706862+00
65	PaYme	0001_initial	2023-02-25 12:12:50.513165+00
66	dashboard_api	0001_initial	2023-02-25 12:24:38.567563+00
67	dashboard_api	0002_alter_sitesettings_description_and_more	2023-02-25 12:24:38.592375+00
68	dashboard_api	0003_rename_instagram_sitesettings_link_and_more	2023-02-25 12:24:38.606413+00
69	outside	0004_alter_brand_options_alter_slider_options_and_more	2023-02-25 12:24:38.623254+00
70	outside	0005_remove_brand_slug_remove_slider_slug_and_more	2023-02-25 12:24:38.670659+00
71	outside	0006_alter_brand_url	2023-02-25 12:24:38.683175+00
72	outside	0007_alter_brand_url	2023-02-25 12:24:38.701609+00
73	outside	0008_alter_brand_url_alter_slider_url_alter_stock_url	2023-02-25 12:24:38.72096+00
74	products	0003_alter_brand_options_alter_category_options_and_more	2023-02-25 12:24:38.805122+00
75	products	0004_alter_productattributevalues_attributevalues_and_more	2023-02-25 12:24:38.931625+00
76	user_profile	0002_alter_map_user	2023-02-25 12:24:38.959643+00
\.


--
-- Data for Name: django_session; Type: TABLE DATA; Schema: public; Owner: giper_db4
--

COPY public.django_session (session_key, session_data, expire_date) FROM stdin;
dzg9gt0oag75ufi6xdka84je4biqamr4	.eJxVjEEOwiAQRe_C2hAolElduvcMZJgZpGpoUtqV8e5K0oVu_3vvv1TEfStxb7LGmdVZWXX63RLSQ2oHfMd6WzQtdVvnpLuiD9r0dWF5Xg7376BgK98aA7FhlyxbILIM4-TJO3TJMNgMkgcjYfQOwOSUM5hhyhA6Dk6E1fsD9hM4WQ:1pQvko:b9viX-5OOm7oF_VDcF9g2mAMecvZFbqcQYCAY2VI4-4	2023-02-25 19:41:46.888701+00
wmrw2q2mef5e5us9krvrahns84z55kmq	.eJxVjMEOwiAQRP-FsyFQAwsevfsNZNllpWpoUtqT8d9tkx70NMm8N_NWCdelprWXOY2sLgrU6bfLSM_SdsAPbPdJ09SWecx6V_RBu75NXF7Xw_07qNjrtvbkJQIEMsJOcrSAYLycxTBmJhciifNbDoHF28HZCAZ9ySgIUaL6fAH8tDiP:1pRsLO:Jd208H7-eiRQtUjgQ2InCSSOrI4clIKXSLP-qWG3lwg	2023-02-28 10:15:26.725519+00
sbebpc92gzq7gsuzkcg5wrypa2m88da4	.eJxVjDkOwjAUBe_iGlmxk3ihpOcM1t-MA8iR4qRC3B0ipYD2zcx7qQTbWtLWZEkTq7Py6vS7IdBD6g74DvU2a5rrukyod0UftOnrzPK8HO7fQYFWvnXugDn3aMiNTjhKAHKCI_ZEg5goTOA9xcHYEK3N6JzrQjReMFoCVO8PIrA5Aw:1pRsNJ:snkGxwiDoFkGC0VrNu-ccu_KyhQL2fGjvduWjbyfzH4	2023-02-28 10:17:25.520755+00
d0p1imu4i1onqnd2swu53iw8amm8n4re	.eJxVjDkOwjAUBe_iGlmxk3ihpOcM1t-MA8iR4qRC3B0ipYD2zcx7qQTbWtLWZEkTq7Py6vS7IdBD6g74DvU2a5rrukyod0UftOnrzPK8HO7fQYFWvnXugDn3aMiNTjhKAHKCI_ZEg5goTOA9xcHYEK3N6JzrQjReMFoCVO8PIrA5Aw:1pRt8s:6Ut0qdkuXsKGaFwjQMnxL6jjPgie7Q5Hx0wHSmBlXuw	2023-02-28 11:06:34.677016+00
6dbck8uq7klgfel3isr5btchtxaame0x	.eJxVjDkOwjAUBe_iGlmxk3ihpOcM1t-MA8iR4qRC3B0ipYD2zcx7qQTbWtLWZEkTq7Py6vS7IdBD6g74DvU2a5rrukyod0UftOnrzPK8HO7fQYFWvnXugDn3aMiNTjhKAHKCI_ZEg5goTOA9xcHYEK3N6JzrQjReMFoCVO8PIrA5Aw:1pSEFp:NpiplTB_ms08FGuTC6_0crD9rE0O2z1V1abQBgl9LaQ	2023-03-01 09:39:09.128601+00
9g0cs6k59qda41qisy4aoykccst0tuxa	.eJxVjDkOwjAUBe_iGlmxk3ihpOcM1t-MA8iR4qRC3B0ipYD2zcx7qQTbWtLWZEkTq7Py6vS7IdBD6g74DvU2a5rrukyod0UftOnrzPK8HO7fQYFWvnXugDn3aMiNTjhKAHKCI_ZEg5goTOA9xcHYEK3N6JzrQjReMFoCVO8PIrA5Aw:1pSbTq:MgDx50nYxdHiCK8tXcBfgevahQc-TCdSYPJuSe8wgk0	2023-03-02 10:27:10.411196+00
ka3jh0or4oif0js6yrd487epkk5146nt	.eJxVjDkOwjAUBe_iGlmxk3ihpOcM1t-MA8iR4qRC3B0ipYD2zcx7qQTbWtLWZEkTq7Py6vS7IdBD6g74DvU2a5rrukyod0UftOnrzPK8HO7fQYFWvnXugDn3aMiNTjhKAHKCI_ZEg5goTOA9xcHYEK3N6JzrQjReMFoCVO8PIrA5Aw:1pSjXo:aOlumsXusUwL7oFDT9B3pA8gF5joHhQZYHXKta9sWpU	2023-03-02 19:03:48.954338+00
bsd6ftlxolr8wc6p407lk5thhak27azv	.eJxVjDkOwjAUBe_iGlmxk3ihpOcM1t-MA8iR4qRC3B0ipYD2zcx7qQTbWtLWZEkTq7Py6vS7IdBD6g74DvU2a5rrukyod0UftOnrzPK8HO7fQYFWvnXugDn3aMiNTjhKAHKCI_ZEg5goTOA9xcHYEK3N6JzrQjReMFoCVO8PIrA5Aw:1pTjkM:PE-luAfp0Ex_OB53f52tBw8SPuTlxJvvBmbFTTPn58U	2023-03-05 13:28:54.425833+00
bd2933r5v27k9nmb3mqek8uyadz8uc39	.eJxVjDkOwjAUBe_iGlmxk3ihpOcM1t-MA8iR4qRC3B0ipYD2zcx7qQTbWtLWZEkTq7Py6vS7IdBD6g74DvU2a5rrukyod0UftOnrzPK8HO7fQYFWvnXugDn3aMiNTjhKAHKCI_ZEg5goTOA9xcHYEK3N6JzrQjReMFoCVO8PIrA5Aw:1pTr2B:etSAmSPQD4MV2MK2XaHJ2fHRYXDj8raJtP4bzhlKWys	2023-03-05 21:15:47.937782+00
osao118z5cipol2kzj8canjsp64mc90f	.eJxVjDsOwjAQBe_iGln2xgtrSnrOYK1_OIBsKU4qlLuHSCmgfTPzPsLxMhe39DS5MYqrACVOv6Pn8Ep1J_HJ9dFkaHWeRi93RR60y3uL6X073L-Dwr18a2NBk8cABCrpc8AUBus1ZR0vZACRDQyoc1ZkkNmTwggIyMoC5mzFugHfRjcP:1pVvLm:zY1SPzzfUR1X07Mbx0aB_C2SSDlAQ2LAfY6z-lDmxbI	2023-03-11 14:16:34.395476+00
9jwfs5vcno2w78wj5pkthbfah4dca7tr	.eJxVjDsOwjAQBe_iGln2xgtrSnrOYK1_OIBsKU4qlLuHSCmgfTPzPsLxMhe39DS5MYqrACVOv6Pn8Ep1J_HJ9dFkaHWeRi93RR60y3uL6X073L-Dwr18a2NBk8cABCrpc8AUBus1ZR0vZACRDQyoc1ZkkNmTwggIyMoC5mzFugHfRjcP:1pVyil:DeqjfbcXLsMCj47kFALJqBgz22fC7u2M_fcHoTl4OwA	2023-03-11 17:52:31.293149+00
a4cl5aqw7e6ukrycz75fcjdsuki5cz5l	.eJxVjDsOwjAQBe_iGln2xgtrSnrOYK1_OIBsKU4qlLuHSCmgfTPzPsLxMhe39DS5MYqrACVOv6Pn8Ep1J_HJ9dFkaHWeRi93RR60y3uL6X073L-Dwr18a2NBk8cABCrpc8AUBus1ZR0vZACRDQyoc1ZkkNmTwggIyMoC5mzFugHfRjcP:1pVyit:eMFpqHRBYQuuJGjUqBfGNpJO3R1LIjnKqTTdjThPiUg	2023-03-11 17:52:39.294715+00
u5t3unowhd853vgm92qs5jt4k71ezdku	.eJxVjDsOwjAQBe_iGln2xgtrSnrOYK1_OIBsKU4qlLuHSCmgfTPzPsLxMhe39DS5MYqrACVOv6Pn8Ep1J_HJ9dFkaHWeRi93RR60y3uL6X073L-Dwr18a2NBk8cABCrpc8AUBus1ZR0vZACRDQyoc1ZkkNmTwggIyMoC5mzFugHfRjcP:1pWIKV:vr1Fe4w8cQuAI3QpAQLDg1TZoKrwDZUmzgbup7zHLuY	2023-03-12 14:48:47.392443+00
kopz8d68mj9n83ibjvmchegsyfgs0wrk	.eJxVjEEOwiAQRe_C2hDAlkGX7j0DGZgZqRpISrsy3l2bdKHb_977LxVxXUpcO89xInVWDtThd0yYH1w3Qnest6Zzq8s8Jb0peqddXxvx87K7fwcFe_nW1g8SyKIRGQMxmMHjCOKP4LOhAMiQCQIh2OCQSSiJBJvJkXfJntT7Ax5LOQw:1pWIko:2XBU5DN-VNqCbcKXwH6sdlCQcF3JtXAPNiNtNSpLq24	2023-03-12 15:15:58.458775+00
k238c816yixqgr8rgxvy0hacg9lhuvq9	.eJxVjEEOwiAQRe_C2hDAlkGX7j0DGZgZqRpISrsy3l2bdKHb_977LxVxXUpcO89xInVWDtThd0yYH1w3Qnest6Zzq8s8Jb0peqddXxvx87K7fwcFe_nW1g8SyKIRGQMxmMHjCOKP4LOhAMiQCQIh2OCQSSiJBJvJkXfJntT7Ax5LOQw:1pWKwT:cujEXThw9O7nlL-gItoAMQqTjMuDjXBv8bmuhsCbHak	2023-03-12 17:36:09.727592+00
mcpjyiatbe480j8cpxciawww5yws5b8q	.eJxVjEEOwiAQRe_C2hDAlkGX7j0DGZgZqRpISrsy3l2bdKHb_977LxVxXUpcO89xInVWDtThd0yYH1w3Qnest6Zzq8s8Jb0peqddXxvx87K7fwcFe_nW1g8SyKIRGQMxmMHjCOKP4LOhAMiQCQIh2OCQSSiJBJvJkXfJntT7Ax5LOQw:1pWXMO:uPkxj9ojmveSiimVrfUuP4MSl5CbYZc-eale7GnEBYI	2023-03-13 06:51:44.841855+00
ws4i6gre022mxtn48xinbif6jjpkgby2	.eJxVjEEOwiAQRe_C2hDAlkGX7j0DGZgZqRpISrsy3l2bdKHb_977LxVxXUpcO89xInVWDtThd0yYH1w3Qnest6Zzq8s8Jb0peqddXxvx87K7fwcFe_nW1g8SyKIRGQMxmMHjCOKP4LOhAMiQCQIh2OCQSSiJBJvJkXfJntT7Ax5LOQw:1pWXn3:Gh1_5MJh9cUuuflh1LtZId4doqjx-W1-ALRpBMxm_s4	2023-03-13 07:19:17.422461+00
\.


--
-- Data for Name: outside_add_to_wishlist; Type: TABLE DATA; Schema: public; Owner: giper_db4
--

COPY public.outside_add_to_wishlist (id, created_at, updated_at, product_id, user_id) FROM stdin;
46	2023-02-14 07:38:01.83082+00	2023-02-14 07:38:01.83084+00	3	9
47	2023-02-14 07:38:02.81599+00	2023-02-14 07:38:02.816012+00	2	9
48	2023-02-14 07:38:03.800393+00	2023-02-14 07:38:03.800413+00	1	9
50	2023-02-16 11:45:36.727494+00	2023-02-16 11:45:36.727518+00	6	13
51	2023-02-16 11:45:38.86099+00	2023-02-16 11:45:38.861015+00	5	13
52	2023-02-16 18:41:19.263409+00	2023-02-16 18:41:19.263427+00	5	14
53	2023-02-16 18:41:20.829169+00	2023-02-16 18:41:20.829188+00	6	14
\.


--
-- Data for Name: outside_brand; Type: TABLE DATA; Schema: public; Owner: giper_db4
--

COPY public.outside_brand (id, images, created_at, updated_at, category_id, product_id, url) FROM stdin;
1	Brands_img/apple.jpeg	2023-02-09 20:37:25.45312+00	2023-02-09 20:37:25.453143+00	5	3	1
2	Brands_img/samsubg.webp	2023-02-09 20:50:25.665144+00	2023-02-09 20:50:25.665163+00	5	7	1
3	Brands_img/oppo.png	2023-02-09 20:50:56.502577+00	2023-02-09 20:50:56.502594+00	1	4	1
4	Brands_img/acer.png	2023-02-09 20:51:18.557521+00	2023-02-09 20:51:18.557539+00	2	2	1
5	Brands_img/hp.png	2023-02-09 20:51:50.711971+00	2023-02-09 20:51:50.71199+00	15	5	1
6	Brands_img/huwawei.png	2023-02-09 20:52:11.007263+00	2023-02-09 20:52:11.00728+00	5	6	1
\.


--
-- Data for Name: outside_slider; Type: TABLE DATA; Schema: public; Owner: giper_db4
--

COPY public.outside_slider (id, images, created_at, updated_at, url) FROM stdin;
1	Slider_img/USAAAA.jpeg	2023-02-09 20:21:28.453623+00	2023-02-09 20:21:34.646307+00	1
2	Slider_img/kukmara.jpeg	2023-02-09 20:21:46.84205+00	2023-02-09 20:21:46.842071+00	1
3	Slider_img/5k.png	2023-02-09 20:22:00.011892+00	2023-02-09 20:22:00.011914+00	1
5	image.png	2023-02-19 21:41:00.95821+00	2023-02-19 21:41:00.95823+00	1
6	image.png	2023-02-19 21:42:02.695151+00	2023-02-19 21:42:02.695171+00	1
9	image.png	2023-02-19 21:43:04.12166+00	2023-02-19 21:43:04.121683+00	1
10	image.png	2023-02-19 21:43:06.31467+00	2023-02-19 21:43:06.314691+00	1
11	image.png	2023-02-19 21:43:32.802725+00	2023-02-19 21:43:32.802746+00	1
12	image.png	2023-02-19 21:44:52.54463+00	2023-02-19 21:44:52.544651+00	1
13	image.png	2023-02-19 21:45:25.374425+00	2023-02-19 21:45:25.374449+00	1
14	image.png	2023-02-19 21:46:01.609925+00	2023-02-19 21:46:01.609943+00	1
15	image.png	2023-02-19 21:49:32.656779+00	2023-02-19 21:49:32.656798+00	1
16	image.png	2023-02-19 21:49:55.617428+00	2023-02-19 21:49:55.617447+00	1
4	image.png	2023-02-19 21:40:58.97835+00	2023-02-26 15:38:32.039055+00	https://www.youtube.com/
\.


--
-- Data for Name: outside_stock; Type: TABLE DATA; Schema: public; Owner: giper_db4
--

COPY public.outside_stock (id, images, created_at, updated_at, url) FROM stdin;
2	Stock_img/aksiya2.jpeg	2023-02-09 20:32:53.355938+00	2023-02-09 20:32:53.355959+00	1
3	Stock_img/aksiya3.png	2023-02-09 20:33:04.461054+00	2023-02-09 20:33:04.461097+00	1
\.


--
-- Data for Name: products_brand; Type: TABLE DATA; Schema: public; Owner: giper_db4
--

COPY public.products_brand (id, name) FROM stdin;
1	apple
2	Huawei
3	Samsung
\.


--
-- Data for Name: products_category; Type: TABLE DATA; Schema: public; Owner: giper_db4
--

COPY public.products_category (id, name, slug, description, background_image, is_active, lft, rght, tree_id, level, parent_id, test_image) FROM stdin;
44	gegge	gegge	rjrejrejerjre	category-backgrounds/photo_2023-02-24_19-49-41_T8JpoPL.jpg	t	4	5	29	1	2	\N
42	svashhae	svashhae	gewjrkrej	category-backgrounds/photo_2023-02-24_19-49-41_pW7zpFG.jpg	t	8	9	29	1	2	\N
46	hthhgegwe	hthhgegwe	jy,uyjntntrn	category-backgrounds/lego001_lego_logosvg_kOXMrac.png	t	6	7	29	1	2	\N
28	serger	gsrehsr	tshtht	category-backgrounds/1280px-Sunflower_from_Silesia2.jpg	t	1	2	17	0	\N	\N
24	weryey	ety	reyry		t	1	2	24	0	\N	\N
12	Духовые шкафы	duhovye-shkafy	аа		t	2	3	27	1	4	\N
13	Морозильные камеры	morozilnye-kamery	аа		t	4	5	27	1	4	\N
4	Все для кухни	vse-dlya-kuhni	тест	category-backgrounds/kuxnya.png	t	1	8	27	0	\N	\N
14	Соковыжималки	sokovyzhimalki	аа		t	6	7	27	1	4	\N
1	Смартфоны и гаджеты	smartfoniy_i_gadjeti	descriptions	category-backgrounds/tel.png	t	1	8	30	0	\N	\N
5	Смартфоны	smartfony	тест		t	6	7	30	1	1	\N
6	Планшеты	planshety	тест		t	4	5	30	1	1	\N
31	weywt	ytyt	ryrtytr		t	1	2	25	0	\N	\N
37	wergtreg	ergerg	erwgerger		t	1	2	22	0	\N	\N
20	sgdhgfh	fghnfgh	fhfgh		t	1	2	19	0	\N	\N
43	dghjrjrjrw	dghjrjrjrw	fkiwqjgewoewogej	category-backgrounds/photo_2023-02-24_19-49-41_MV3xwaL.jpg	t	2	3	29	1	2	\N
19	wery	werywe	erwywery		t	1	2	23	0	\N	\N
16	Красота и здоровье	krasota-i-zdorove	аа	category-backgrounds/krasota.png	t	1	2	28	0	\N	\N
7	Наушники	naushniki	тест		f	2	3	30	1	1	\N
3	Телевизоры и медиа	televizory-i-media	тест	category-backgrounds/tele_pcOn2LE.png	t	1	6	31	0	\N	\N
10	Акксесуары	akksesuary	етст		t	2	3	31	1	3	\N
11	Проекторы	proektory	аа		t	4	5	31	1	3	\N
25	wqertret	wertert	ewrtwert		t	1	2	26	0	\N	\N
30	sthtrh	trherth	reyryrty		t	1	2	20	0	\N	\N
33	teyeeryr	yeryrty	tryrtyrt		t	1	2	21	0	\N	\N
8	Монитор	monitor	тест		f	12	13	29	1	2	\N
2	Ноутбуки и принтеры	noutbuki-i-printery	описания	category-backgrounds/noutbuks_hBkH4YS.png	t	1	16	29	0	\N	\N
15	Ноутбуки	noutbuki	ыва		t	14	15	29	1	2	\N
45	wfefe	wfefe	egbrnenrwmtene	category-backgrounds/lego001_lego_logosvg.png	t	10	11	29	1	2	\N
\.


--
-- Data for Name: products_media; Type: TABLE DATA; Schema: public; Owner: giper_db4
--

COPY public.products_media (id, img_url, alt_text, is_feature, created_at, updated_at, product_inventory_id) FROM stdin;
1	acer1.jpeg	f	f	2023-02-09 14:30:59.669633+00	2023-02-09 20:29:17.423884+00	1
2	acer2.jpg	о	f	2023-02-09 20:29:31.513258+00	2023-02-09 20:29:31.513278+00	2
3	orig.webp	f	f	2023-02-09 20:46:07.618286+00	2023-02-09 20:46:07.618312+00	6
4	hp-laptop-15s_eq1072ur_2_opt.webp	j	f	2023-02-09 20:46:29.607454+00	2023-02-09 20:46:29.607476+00	5
5	oppo-reno4.jpeg	j	f	2023-02-09 20:46:49.347332+00	2023-02-09 20:46:49.347355+00	4
6	product.png	m	f	2023-02-09 20:47:09.977827+00	2023-02-09 20:47:09.97785+00	3
7	s22.webp	e	f	2023-02-09 21:46:31.810915+00	2023-02-09 21:46:31.810939+00	7
8	6360442_SY2NasL.jpg	ddd	f	2023-02-14 16:08:46.457599+00	2023-02-14 16:08:46.457626+00	8
9	aot_dlx3L3r.jpg	fa	f	2023-02-14 16:13:20.907018+00	2023-02-14 16:13:20.907048+00	9
10	aot_LgVT3cT.jpg	fv	f	2023-02-14 16:13:33.902237+00	2023-02-14 16:13:33.902297+00	10
11	cdhqacrb3ho5lmurdu7g.jpeg	test	f	2023-02-16 10:32:01.439075+00	2023-02-16 10:32:01.439101+00	11
12	cdhqadb5a95unf13fbqg.jpeg	test	f	2023-02-16 10:32:01.441458+00	2023-02-16 10:32:01.44148+00	11
13	cdhqadv0tgqvlm599prg.jpeg	test	f	2023-02-16 10:32:01.443305+00	2023-02-16 10:32:01.443327+00	11
14	cdhqaeb5a95unf13fbr0.jpeg	test	f	2023-02-16 10:32:01.445257+00	2023-02-16 10:32:01.445276+00	11
15	6360442_LCyeyCC.jpg	dd	t	2023-02-26 15:57:44.998304+00	2023-02-26 15:57:44.998324+00	6
\.


--
-- Data for Name: products_product; Type: TABLE DATA; Schema: public; Owner: giper_db4
--

COPY public.products_product (id, name, slug, description, is_active, is_recommended, "USA_product", created_at, updated_at, category_id, user_id, status) FROM stdin;
3	Iphone13pro	iphone13pro	descriptions	t	t	t	2023-02-09 20:37:20.918061+00	2023-02-25 12:24:02.093906+00	1	\N	process
6	Huawei Noa 10a	huawei-noa-10a	диагональ экрана: 6.67", количество основных камер: 3, память: 128 ГБ, 256 ГБ, оперативная память: 8 ГБ, емкость аккумулятора: 4000 мА⋅ч, разрешение экрана: 2400x1080, частота обновления экрана: 120 Гц	t	t	t	2023-02-09 20:44:51.950199+00	2023-02-25 14:16:55.543983+00	5	\N	process
2	Acer Aspire 3 Intel Celeron N4020/4GB/500GB HDD/Intel UHD 15.6" (A315-34-C61M) Charcoal Black	acer-aspire-3a315-34-c61m	Ноутбук Acer Aspire 3 A315-34-C61M с диагональю 15.6" представлен в черном корпусе и обеспечивает тот уровень производительности, при котором вы не будете ощущать дискомфорта при работе с привычными программами. Модуль Wi-Fi способствует быстрому подключению к сетям, гарантируя плавность и стабильность загрузки каждой страницы интернет-ресурсов. Стабильности и комфортной производительности аппарата способствует работа процессора Intel Celeron N4020 с двухъядерной конфигурацией на частоте 1.1 ГГц. В сочетании с 4 ГБ модуля DDR4 вы получаете ту производительность, которая позволит с комфортом пользоваться всем функционалом аппарата.	t	t	t	2023-02-09 15:15:18.470661+00	2023-02-25 14:17:47.372569+00	2	\N	process
4	Oppo	oppo	Модель обрадует изысканным водонепроницаемым корпусом IPX4, наличием выносливого аккумулятора на 5000 мАч, встроенной системой разблокировки отпечатка пальца. Добавьте к этому качественную камеру, детализированную картинку и громкий сбалансированный звук – все топовые преимущества нашли свое место в этом девайсе.	t	t	t	2023-02-09 20:40:11.645277+00	2023-02-26 13:52:03.09241+00	5	\N	process
7	Смартфон Samsung Galaxy S22	smartfon-samsung-galaxy-s22	Производительный и стильный смартфон не боится падений, одинаково хорош для игр и общения. Крутые камеры делают отличные фото и снимают динамичные видео при любом освещении. Быстрая беспроводная зарядка позволит всегда оставаться на связи.\r\nТонкие рамки и симметричные боковые грани открывают максимум полезной площади экрана смартфона Samsung Galaxy S22. Диагональ дисплея 6.1 дюйма с разрешением 2400x1080 пикселей оптимальна для просмотра видеоконтента, игр и серфинга в сети. Картинка на экране яркая даже на солнце, а цвета — сочные и реалистичные. Матовая поверхность корпуса добавляет благородства облику устройства, которое также подчеркивается правильной геометрической формой и скругленными углами.	t	t	t	2023-02-09 20:49:56.032302+00	2023-02-10 11:10:43.049801+00	5	\N	process
8	продукт1	produkt1	decritpions	t	t	f	2023-02-12 21:19:40.442785+00	2023-02-12 21:19:40.442806+00	4	\N	process
9	Духовой шкаф	duhovoj-shkaf	описания	t	t	t	2023-02-14 16:12:04.740856+00	2023-02-14 16:12:04.740874+00	12	\N	process
1	Acer Aspire 3 Intel Core i3-1005G1/8GB/1TB HDD/Intel UHD 15.6" (A315-56-32ZB) Rococo Red	acer-aspire-3-156-a315-56-32zb-rococo-red	Acer Aspire 3- приятное сочетание лучших технологий и классического дизайна. Стильный корпус, выполненный из высокопрочного пластика, никого не оставит равнодушным. Данный ноутбук - вариант для тех, кто привык окружить себя качественными и практичными устройствами.\r\n\r\nВысокая производительность\r\n\r\nДля обеспечения высокой производительности Aspire 3 оснащен процессором Intel, предоставляет достаточную мощность в течение всего рабочего дня. Наслаждайтесь эффективностью при выполнении различных задач — работы, игр или развлечений.\r\n\r\nЯркий дисплей\r\n\r\nДисплей FHD обеспечивает превосходное качество изображений и видео, а благодаря узкой рамке пользователю доступно больше экранного пространства. \r\n\r\nВсегда на связи\r\n\r\nПолучайте актуальную информацию благодаря широким возможностям подключения. Модуль Wi-Fi 5 (802.11ac) обеспечивает быстрый доступ в Интернет. Ноутбук также оснащен оптимизированной камерой и микрофонами для повышения качества видеоконференций.	t	t	t	2023-02-09 12:18:20.071199+00	2023-02-26 15:16:37.248086+00	2	\N	process
12	test-elastics	test-elastics	descrhievew	t	t	f	2023-02-19 11:01:34.12443+00	2023-02-26 18:40:58.300088+00	12	\N	success
11	string	string	string	t	t	t	2023-02-16 10:27:51.939358+00	2023-02-19 18:22:55.752924+00	1	1	process
10	Морозильные камера	morozilnye-kamera	описания	t	t	t	2023-02-14 16:12:40.248598+00	2023-02-25 22:22:54.357007+00	13	\N	process
5	Ноутбук hp 15s-eq1072ur 20F11EA	noutbuk-hp-15s-eq1072ur-20f11ea	Ноутбук hp 15s-eq1072ur 20F11EA и другие товары из нашего каталога рассчитаны на решение задач любой сложности. За 35 434 руб. вы получите функциональную модель, которая позволит оптимизировать рабочий процесс и добиться идеального результата с минимальными затратами. Одно из главных достоинств продукции бренда – неизменно высокое качество, подтвержденное многочисленными положительными отзывами. Все изделия проходят строгую проверку на соответствие установленным стандартам качества и безопасности.	t	f	f	2023-02-09 20:42:00.017716+00	2023-02-26 11:30:51.696959+00	2	\N	process
\.


--
-- Data for Name: products_productallmodel; Type: TABLE DATA; Schema: public; Owner: giper_db4
--

COPY public.products_productallmodel (id, category_id, products_id) FROM stdin;
1	1	1
2	2	2
\.


--
-- Data for Name: products_productallmodel_atributes_value; Type: TABLE DATA; Schema: public; Owner: giper_db4
--

COPY public.products_productallmodel_atributes_value (id, productallmodel_id, productattributevalue_id) FROM stdin;
3	1	9
4	1	11
5	2	9
6	2	10
7	2	11
\.


--
-- Data for Name: products_productattribute; Type: TABLE DATA; Schema: public; Owner: giper_db4
--

COPY public.products_productattribute (id, name, description) FROM stdin;
3	Обьем оперативной памяти	sdfsdf
2	Обьем встроенной памяти	sdfsdf
4	Процессор	
1	Бренд	sdfsdffwgq
\.


--
-- Data for Name: products_productattributevalue; Type: TABLE DATA; Schema: public; Owner: giper_db4
--

COPY public.products_productattributevalue (id, attribute_value, product_attribute_id) FROM stdin;
2	32GB	2
1	Apple	1
6	64GB	3
9	Acer	1
10	Celeron N4020	4
11	4GB	3
\.


--
-- Data for Name: products_productattributevalues; Type: TABLE DATA; Schema: public; Owner: giper_db4
--

COPY public.products_productattributevalues (id, attributevalues_id, productinventory_id) FROM stdin;
8	9	2
9	10	2
10	11	2
4	9	1
5	11	1
11	2	6
12	2	8
13	9	8
14	2	11
15	1	11
\.


--
-- Data for Name: products_productinventory; Type: TABLE DATA; Schema: public; Owner: giper_db4
--

COPY public.products_productinventory (id, sku, upc, is_active, is_default, price, sale_price, is_on_sale, weight, created_at, updated_at, brand_id, product_id, product_type_id, installment_plan) FROM stdin;
6	32	31	t	t	333.00	421.00	t	33	2023-02-09 20:44:51.951542+00	2023-02-09 20:46:07.595501+00	1	6	1	190,000 / 6 мес
5	234	234	t	t	670.00	550.00	t	333	2023-02-09 20:42:00.019318+00	2023-02-09 20:46:29.586576+00	1	5	1	150,000 / 5 мес
4	42	24	t	t	600.00	550.00	t	33	2023-02-09 20:40:11.646619+00	2023-02-09 20:46:49.327011+00	1	4	1	90,000 / 7 мес
3	4	4	t	t	600.00	400.00	t	400	2023-02-09 20:37:20.919645+00	2023-02-09 20:47:09.957257+00	1	3	1	190,000 / 6 мес
2	2	2	t	t	450.00	345.00	t	111	2023-02-09 15:17:23.348588+00	2023-02-09 20:56:17.634345+00	1	2	1	140,000 / 12 мес
1	1	1	t	t	442.00	442.00	t	300	2023-02-09 12:18:20.07289+00	2023-02-09 20:58:10.837705+00	1	1	1	120,000 / 12 мес
7	543	42424	t	t	905.00	805.00	t	45	2023-02-09 20:49:56.033927+00	2023-02-09 21:46:31.790122+00	3	7	1	90,000 / 7 мес
8	3123	123	t	t	400.00	500.00	t	33	2023-02-12 21:19:40.44417+00	2023-02-14 16:11:04.16996+00	2	8	1	190,000 / 6 мес
9	4145	141	t	t	400.00	400.00	t	400	2023-02-14 16:12:04.742331+00	2023-02-14 16:13:20.883749+00	2	9	1	90,000 / 7 мес
10	566	532	t	t	500.00	500.00	t	500	2023-02-14 16:12:40.250255+00	2023-02-14 16:13:33.882503+00	2	10	1	190,000 / 6 мес
11	MQC22J/A	190198459107	t	t	499.00	450.00	t	200	2023-02-16 10:29:59.927778+00	2023-02-16 10:32:01.415749+00	1	11	1	Oyiga 1 407 600 so'mdan
12	4343	3434	t	t	400.00	400.00	t	400	2023-02-19 11:01:34.125818+00	2023-02-19 11:01:34.12583+00	1	12	1	400
\.


--
-- Data for Name: products_producttype; Type: TABLE DATA; Schema: public; Owner: giper_db4
--

COPY public.products_producttype (id, name) FROM stdin;
1	phone
\.


--
-- Data for Name: products_producttypeattribute; Type: TABLE DATA; Schema: public; Owner: giper_db4
--

COPY public.products_producttypeattribute (id, product_attribute_id, product_type_id) FROM stdin;
1	3	1
\.


--
-- Data for Name: products_rating; Type: TABLE DATA; Schema: public; Owner: giper_db4
--

COPY public.products_rating (id, rating, product_id) FROM stdin;
1	2	1
2	2	2
3	4	3
4	4	4
5	4	5
6	4	6
7	4	7
8	5	1
9	5	6
10	1	5
\.


--
-- Data for Name: products_stock; Type: TABLE DATA; Schema: public; Owner: giper_db4
--

COPY public.products_stock (id, last_checked, units, units_sold, product_inventory_id) FROM stdin;
\.


--
-- Data for Name: products_wishlist; Type: TABLE DATA; Schema: public; Owner: giper_db4
--

COPY public.products_wishlist (id, date_added, product_id, user_id) FROM stdin;
\.


--
-- Data for Name: token_blacklist_blacklistedtoken; Type: TABLE DATA; Schema: public; Owner: giper_db4
--

COPY public.token_blacklist_blacklistedtoken (id, blacklisted_at, token_id) FROM stdin;
\.


--
-- Data for Name: token_blacklist_outstandingtoken; Type: TABLE DATA; Schema: public; Owner: giper_db4
--

COPY public.token_blacklist_outstandingtoken (id, token, created_at, expires_at, user_id, jti) FROM stdin;
1	eyJhbGciOiJIUzI1NiIsInR5cCI6IkpXVCJ9.eyJ0b2tlbl90eXBlIjoicmVmcmVzaCIsImV4cCI6MTY3ODYzMzk0MSwiaWF0IjoxNjc1OTU1NTQxLCJqdGkiOiIxNzNhZDA0YTFmM2I0NjA5YTg1ZDE2ZGFiM2ViYWNkOSIsInVzZXJfaWQiOjJ9.LJIJVhX8YE3KiX0_Y2FpCEkG5EtkV3k104Ix8G2nLeo	2023-02-09 15:12:21.896639+00	2023-03-12 15:12:21+00	2	173ad04a1f3b4609a85d16dab3ebacd9
2	eyJhbGciOiJIUzI1NiIsInR5cCI6IkpXVCJ9.eyJ0b2tlbl90eXBlIjoicmVmcmVzaCIsImV4cCI6MTY3ODY0Mzk4NCwiaWF0IjoxNjc1OTY1NTg0LCJqdGkiOiJhOTljZjk1NTY3NDQ0ZjJjYTJkNGYxNjcwMmQ3ZjllNyIsInVzZXJfaWQiOjJ9.X7zubj8bJIYbs91I3o_UYTWBCC18EwZQ06k711eFvec	2023-02-09 17:59:44.838648+00	2023-03-12 17:59:44+00	2	a99cf95567444f2ca2d4f16702d7f9e7
4	eyJhbGciOiJIUzI1NiIsInR5cCI6IkpXVCJ9.eyJ0b2tlbl90eXBlIjoicmVmcmVzaCIsImV4cCI6MTY3ODY3NTg0NSwiaWF0IjoxNjc1OTk3NDQ1LCJqdGkiOiJiNTE5MzZmYTVlZmQ0MGYxOWY4ZGQ0NTViNTllNzM0NSIsInVzZXJfaWQiOjR9.bFOldB072jV7RdvYFwoGm157gkWVzNycUiBecBV97-E	2023-02-10 02:50:45.859708+00	2023-03-13 02:50:45+00	4	b51936fa5efd40f19f8dd455b59e7345
5	eyJhbGciOiJIUzI1NiIsInR5cCI6IkpXVCJ9.eyJ0b2tlbl90eXBlIjoicmVmcmVzaCIsImV4cCI6MTY3ODY5MTM3NCwiaWF0IjoxNjc2MDEyOTc0LCJqdGkiOiI4ZjU5MmZkY2JmNDU0ODcwYmQ4NzNlOGRlMmJiYTAyOSIsInVzZXJfaWQiOjV9.n2A52YjmiSWTjZCSzlv_17NNsxA6E3rlIa5a-pX2ync	2023-02-10 07:09:34.497761+00	2023-03-13 07:09:34+00	5	8f592fdcbf454870bd873e8de2bba029
6	eyJhbGciOiJIUzI1NiIsInR5cCI6IkpXVCJ9.eyJ0b2tlbl90eXBlIjoicmVmcmVzaCIsImV4cCI6MTY3ODcwNDE1MiwiaWF0IjoxNjc2MDI1NzUyLCJqdGkiOiJiOTUyOWU1YmE1YjU0ODg2OTJjNGFmZmMzMjdlMzBiNyIsInVzZXJfaWQiOjV9.e_cxRZTSONArZu-rU71PGknR1ZTcXfRcchEngIrbVB8	2023-02-10 10:42:32.946113+00	2023-03-13 10:42:32+00	5	b9529e5ba5b5488692c4affc327e30b7
7	eyJhbGciOiJIUzI1NiIsInR5cCI6IkpXVCJ9.eyJ0b2tlbl90eXBlIjoicmVmcmVzaCIsImV4cCI6MTY3ODc5NzQ3NywiaWF0IjoxNjc2MTE5MDc3LCJqdGkiOiI3MjBmOTc3YTM1YWQ0Njg5OWM1ZGIwNWNhMWU1MGI3MSIsInVzZXJfaWQiOjZ9.De7uDa1lwwsijttE8X9BvcimjZ_orEyjt6PGiQL7wEY	2023-02-11 12:37:57.135947+00	2023-03-14 12:37:57+00	6	720f977a35ad46899c5db05ca1e50b71
8	eyJhbGciOiJIUzI1NiIsInR5cCI6IkpXVCJ9.eyJ0b2tlbl90eXBlIjoicmVmcmVzaCIsImV4cCI6MTY3ODc5NzQ4NSwiaWF0IjoxNjc2MTE5MDg1LCJqdGkiOiI4NDUwNmQxNDQ1YmQ0Mjg0OWJhYzRjZTZhNzA5Mzg0YiIsInVzZXJfaWQiOjZ9.wUZa-TBc3lZa_qKDJwKmLWBCEPkLHmDXwToH_PttJQk	2023-02-11 12:38:05.309917+00	2023-03-14 12:38:05+00	6	84506d1445bd42849bac4ce6a709384b
9	eyJhbGciOiJIUzI1NiIsInR5cCI6IkpXVCJ9.eyJ0b2tlbl90eXBlIjoicmVmcmVzaCIsImV4cCI6MTY3ODc5NzY3NSwiaWF0IjoxNjc2MTE5Mjc1LCJqdGkiOiIxYjc1NzJmOGFiZTM0YWE1ODBiYWI4MzI0NjNjZTY4YyIsInVzZXJfaWQiOjZ9.H8KU2_VZt4QOvCOz_SqXZ6Bgv1O7khmdERNaKbb1PKU	2023-02-11 12:41:15.127939+00	2023-03-14 12:41:15+00	6	1b7572f8abe34aa580bab832463ce68c
10	eyJhbGciOiJIUzI1NiIsInR5cCI6IkpXVCJ9.eyJ0b2tlbl90eXBlIjoicmVmcmVzaCIsImV4cCI6MTY3ODc5NzcxNiwiaWF0IjoxNjc2MTE5MzE2LCJqdGkiOiJiZDJiYThhNGVhZDE0ZWUwYmI1ZDA2Y2IyOGQwYmI1NiIsInVzZXJfaWQiOjZ9.xBnus8818Sj6Qc2xSDMr-yEfOPmCZtNUFFdgcbCbv24	2023-02-11 12:41:56.615621+00	2023-03-14 12:41:56+00	6	bd2ba8a4ead14ee0bb5d06cb28d0bb56
11	eyJhbGciOiJIUzI1NiIsInR5cCI6IkpXVCJ9.eyJ0b2tlbl90eXBlIjoicmVmcmVzaCIsImV4cCI6MTY3ODc5NzczMSwiaWF0IjoxNjc2MTE5MzMxLCJqdGkiOiIwZTJlMDhlOTYwMTE0MTc0YjkzNjRmOTZlYzRiYjNhYiIsInVzZXJfaWQiOjZ9.BdbRzqaFAwp2hf1ulgb7eNcUSpfxNs3tjg9tC0UGGiU	2023-02-11 12:42:11.044139+00	2023-03-14 12:42:11+00	6	0e2e08e960114174b9364f96ec4bb3ab
12	eyJhbGciOiJIUzI1NiIsInR5cCI6IkpXVCJ9.eyJ0b2tlbl90eXBlIjoicmVmcmVzaCIsImV4cCI6MTY3ODc5Nzc3MCwiaWF0IjoxNjc2MTE5MzcwLCJqdGkiOiIxYmM1NjcwZTJjYmE0NTc1ODIwMWMxNDIxOWI2ZGFkMSIsInVzZXJfaWQiOjZ9.XCFVlq1CZeU6T0MT-37c2HaFBP0wf0zBDsv6Oju0bcg	2023-02-11 12:42:50.897097+00	2023-03-14 12:42:50+00	6	1bc5670e2cba45758201c14219b6dad1
13	eyJhbGciOiJIUzI1NiIsInR5cCI6IkpXVCJ9.eyJ0b2tlbl90eXBlIjoicmVmcmVzaCIsImV4cCI6MTY3ODc5Nzg1MSwiaWF0IjoxNjc2MTE5NDUxLCJqdGkiOiI0ODUwMjg4N2I3YmM0ZTczOTIxYTg4ZWUzMDU0ZDQzOCIsInVzZXJfaWQiOjJ9.skEET1ugIHAsYyn7v6wOgXjH5Ed1XY6SlTwt8u-Cnnc	2023-02-11 12:44:11.864435+00	2023-03-14 12:44:11+00	2	48502887b7bc4e73921a88ee3054d438
14	eyJhbGciOiJIUzI1NiIsInR5cCI6IkpXVCJ9.eyJ0b2tlbl90eXBlIjoicmVmcmVzaCIsImV4cCI6MTY3ODgwMDg4NCwiaWF0IjoxNjc2MTIyNDg0LCJqdGkiOiI4MDQ5NmRiYzU4Njc0MzQ1YmYyMmI3MmQ4ZmNlYjA2YyIsInVzZXJfaWQiOjZ9.gHUwT2hdR1vyneJWEcOKkn-HDZ8Oo-scpZzQxcmP8Kk	2023-02-11 13:34:44.607214+00	2023-03-14 13:34:44+00	6	80496dbc58674345bf22b72d8fceb06c
15	eyJhbGciOiJIUzI1NiIsInR5cCI6IkpXVCJ9.eyJ0b2tlbl90eXBlIjoicmVmcmVzaCIsImV4cCI6MTY3ODgwMDg4NiwiaWF0IjoxNjc2MTIyNDg2LCJqdGkiOiJhODczZDIxOTFjMmU0NDY5YmI4ODFiMjJmODI0Y2Q3YiIsInVzZXJfaWQiOjZ9.iVxFXGPGPcDdiIj3S4bXXreFFh5Wxolb9Ft-qsky-PQ	2023-02-11 13:34:46.312044+00	2023-03-14 13:34:46+00	6	a873d2191c2e4469bb881b22f824cd7b
16	eyJhbGciOiJIUzI1NiIsInR5cCI6IkpXVCJ9.eyJ0b2tlbl90eXBlIjoicmVmcmVzaCIsImV4cCI6MTY3ODgwMDg5NiwiaWF0IjoxNjc2MTIyNDk2LCJqdGkiOiJmOTIzOTY1NGJiZGM0ZjRmYjNlZGIyZWNlZmExZTQ1YyIsInVzZXJfaWQiOjZ9.q4mwXrGk0dKdGGRfOFPDtY1KJ9IdTafg6YHs1TFaPv8	2023-02-11 13:34:56.620916+00	2023-03-14 13:34:56+00	6	f9239654bbdc4f4fb3edb2ecefa1e45c
17	eyJhbGciOiJIUzI1NiIsInR5cCI6IkpXVCJ9.eyJ0b2tlbl90eXBlIjoicmVmcmVzaCIsImV4cCI6MTY3ODgwMDk0NSwiaWF0IjoxNjc2MTIyNTQ1LCJqdGkiOiI1NjAxOTUxMDkyOGI0NWUyYTBlYWZhMzczMWJjNGE5NiIsInVzZXJfaWQiOjZ9.RdOi5j_T6FiTYxft_F6_5fe34XNKiSxpysJm-QLGRUM	2023-02-11 13:35:45.810739+00	2023-03-14 13:35:45+00	6	56019510928b45e2a0eafa3731bc4a96
18	eyJhbGciOiJIUzI1NiIsInR5cCI6IkpXVCJ9.eyJ0b2tlbl90eXBlIjoicmVmcmVzaCIsImV4cCI6MTY3ODgwMTc4NCwiaWF0IjoxNjc2MTIzMzg0LCJqdGkiOiI5MzBiZDU4ZDAyZTQ0YTA2YjJiNzJiMTliYWU1NDA2YSIsInVzZXJfaWQiOjZ9.bNF6RhGYKCVpOxpuH6yOyD77Kw6bXnIJgjSn4CQynvo	2023-02-11 13:49:44.134228+00	2023-03-14 13:49:44+00	6	930bd58d02e44a06b2b72b19bae5406a
19	eyJhbGciOiJIUzI1NiIsInR5cCI6IkpXVCJ9.eyJ0b2tlbl90eXBlIjoicmVmcmVzaCIsImV4cCI6MTY3ODgwMzE1NSwiaWF0IjoxNjc2MTI0NzU1LCJqdGkiOiI3MDk5MDE4ZjAzNjA0MDhiOTk4NDlhZDNlMTQzYTI4ZCIsInVzZXJfaWQiOjZ9.-9xjfLfkhiYyEZOSAgDnK1OFN9nUZZ4Gc8ZEzaXqOVI	2023-02-11 14:12:35.412447+00	2023-03-14 14:12:35+00	6	7099018f0360408b99849ad3e143a28d
20	eyJhbGciOiJIUzI1NiIsInR5cCI6IkpXVCJ9.eyJ0b2tlbl90eXBlIjoicmVmcmVzaCIsImV4cCI6MTY3ODgwMzE4MSwiaWF0IjoxNjc2MTI0NzgxLCJqdGkiOiI5NTU5MWE4OTNlZjU0YjI2YTA3MWMwYTQzNzUzYzg1ZiIsInVzZXJfaWQiOjZ9.qLJVKGt901ObI0H6wk6yUjZCvDiseFVMX2oP396BGSk	2023-02-11 14:13:01.019133+00	2023-03-14 14:13:01+00	6	95591a893ef54b26a071c0a43753c85f
21	eyJhbGciOiJIUzI1NiIsInR5cCI6IkpXVCJ9.eyJ0b2tlbl90eXBlIjoicmVmcmVzaCIsImV4cCI6MTY3ODgwMzI5MSwiaWF0IjoxNjc2MTI0ODkxLCJqdGkiOiI1OWFkZGQzM2I4NjU0MzM3YTlmZDE2OWY5YTRmMDliNyIsInVzZXJfaWQiOjZ9.rdFgra_kdXO-h-dspnulQGaRwBKknElQWzYsC-m1AC4	2023-02-11 14:14:51.183254+00	2023-03-14 14:14:51+00	6	59addd33b8654337a9fd169f9a4f09b7
22	eyJhbGciOiJIUzI1NiIsInR5cCI6IkpXVCJ9.eyJ0b2tlbl90eXBlIjoicmVmcmVzaCIsImV4cCI6MTY3ODgwMzMzOCwiaWF0IjoxNjc2MTI0OTM4LCJqdGkiOiIyY2FjMzA3YzI2YjI0Y2VjODA4MDI1ZTkwMDkyYjBmZCIsInVzZXJfaWQiOjZ9.XNFBRIAno04UxgQ8yIHITfdWT0cYMY2m9U654V9w38M	2023-02-11 14:15:38.476388+00	2023-03-14 14:15:38+00	6	2cac307c26b24cec808025e90092b0fd
23	eyJhbGciOiJIUzI1NiIsInR5cCI6IkpXVCJ9.eyJ0b2tlbl90eXBlIjoicmVmcmVzaCIsImV4cCI6MTY3ODgwMzM4NCwiaWF0IjoxNjc2MTI0OTg0LCJqdGkiOiIxMmFlNWQ4ZWJkMmQ0MGQwYWQ1MmRhYTVhMmIxMjFkMyIsInVzZXJfaWQiOjZ9.I_Rt9d4MPIyRey0Y5D-sMAIK5b4XWxKEn_LI6fZ-hBo	2023-02-11 14:16:24.778714+00	2023-03-14 14:16:24+00	6	12ae5d8ebd2d40d0ad52daa5a2b121d3
24	eyJhbGciOiJIUzI1NiIsInR5cCI6IkpXVCJ9.eyJ0b2tlbl90eXBlIjoicmVmcmVzaCIsImV4cCI6MTY3ODgwMzQwMSwiaWF0IjoxNjc2MTI1MDAxLCJqdGkiOiIzOGExMDVkNGY0M2I0ODY3YjEzM2I5ZDBjNjY0ZWNkYiIsInVzZXJfaWQiOjZ9.aOLSo0-v_A_Ugi5Lg9c_vYz0IkcgAJ6zKNIKJvWxIDE	2023-02-11 14:16:41.714302+00	2023-03-14 14:16:41+00	6	38a105d4f43b4867b133b9d0c664ecdb
25	eyJhbGciOiJIUzI1NiIsInR5cCI6IkpXVCJ9.eyJ0b2tlbl90eXBlIjoicmVmcmVzaCIsImV4cCI6MTY3ODgwMzYxOCwiaWF0IjoxNjc2MTI1MjE4LCJqdGkiOiJhOGIxMTgyYjdmYTQ0YTAxODU1NjY0ZDQxNDlmNjIyMiIsInVzZXJfaWQiOjZ9.Epyhr9VIBeV6ZjUpbGo7_zBvt7XCecQX-Ud_XMADM9w	2023-02-11 14:20:18.287577+00	2023-03-14 14:20:18+00	6	a8b1182b7fa44a01855664d4149f6222
26	eyJhbGciOiJIUzI1NiIsInR5cCI6IkpXVCJ9.eyJ0b2tlbl90eXBlIjoicmVmcmVzaCIsImV4cCI6MTY3ODgwNDQ5NCwiaWF0IjoxNjc2MTI2MDk0LCJqdGkiOiJjYTQyMmVjNjYxNDc0MjA5YTdmNDA5ZDE0ZGI2YTlkYyIsInVzZXJfaWQiOjZ9.xg_wZO-YDqBI184jyiIX1ZHPGUp0Rn8qHS63XaqILCk	2023-02-11 14:34:54.516912+00	2023-03-14 14:34:54+00	6	ca422ec661474209a7f409d14db6a9dc
27	eyJhbGciOiJIUzI1NiIsInR5cCI6IkpXVCJ9.eyJ0b2tlbl90eXBlIjoicmVmcmVzaCIsImV4cCI6MTY3ODgwOTUxNCwiaWF0IjoxNjc2MTMxMTE0LCJqdGkiOiJmN2EyNGRkYTUzZDA0ZmJkYmE0MTM3ZjkxZjRkNTFmOSIsInVzZXJfaWQiOjZ9.mvToOrBn7GVQ-x14nin6siogIrXYgCL93gg_jUhK8O4	2023-02-11 15:58:34.884015+00	2023-03-14 15:58:34+00	6	f7a24dda53d04fbdba4137f91f4d51f9
28	eyJhbGciOiJIUzI1NiIsInR5cCI6IkpXVCJ9.eyJ0b2tlbl90eXBlIjoicmVmcmVzaCIsImV4cCI6MTY3ODgwOTc5MSwiaWF0IjoxNjc2MTMxMzkxLCJqdGkiOiJkM2U0MGEzODU4NTg0YWY0OTQwNWZiZmQyMjUwMzE1NCIsInVzZXJfaWQiOjZ9.IOcAMQzuU4xL3ZdDLNh17jYQTxO4FF-1Lnb4NVWca1Q	2023-02-11 16:03:11.296875+00	2023-03-14 16:03:11+00	6	d3e40a3858584af49405fbfd22503154
29	eyJhbGciOiJIUzI1NiIsInR5cCI6IkpXVCJ9.eyJ0b2tlbl90eXBlIjoicmVmcmVzaCIsImV4cCI6MTY3ODgwOTgxMCwiaWF0IjoxNjc2MTMxNDEwLCJqdGkiOiI3MjRlMjc0OTAzZTQ0ZjcyYTk4NzU5MjM5ZWY4NWY0MCIsInVzZXJfaWQiOjZ9.U5hwoVQ4LVnAEIkGBw4kFippt4xdrW73_gRmboVu8YI	2023-02-11 16:03:30.769878+00	2023-03-14 16:03:30+00	6	724e274903e44f72a98759239ef85f40
30	eyJhbGciOiJIUzI1NiIsInR5cCI6IkpXVCJ9.eyJ0b2tlbl90eXBlIjoicmVmcmVzaCIsImV4cCI6MTY3ODgxMzM3OSwiaWF0IjoxNjc2MTM0OTc5LCJqdGkiOiI1NTI0Nzk4OTcyNTQ0MmU3YmUzMTYwNzM0OGI5ZTA5NSIsInVzZXJfaWQiOjJ9.s9IAP3fYdp8aOiqmqq4V8aoaCdkrKYkitLh1oFhG3Zs	2023-02-11 17:02:59.184756+00	2023-03-14 17:02:59+00	2	55247989725442e7be31607348b9e095
31	eyJhbGciOiJIUzI1NiIsInR5cCI6IkpXVCJ9.eyJ0b2tlbl90eXBlIjoicmVmcmVzaCIsImV4cCI6MTY3ODkwMzUxMiwiaWF0IjoxNjc2MjI1MTEyLCJqdGkiOiIyM2FlMmJmMzJkMmI0OTVjYTc3ZmU2MjVhYTA4ZGI3MiIsInVzZXJfaWQiOjJ9.VNnceMew5TRopDMKFy3JeyziwcVIC4PNUM94INrwYGQ	2023-02-12 18:05:12.830106+00	2023-03-15 18:05:12+00	2	23ae2bf32d2b495ca77fe625aa08db72
32	eyJhbGciOiJIUzI1NiIsInR5cCI6IkpXVCJ9.eyJ0b2tlbl90eXBlIjoicmVmcmVzaCIsImV4cCI6MTY3ODkxMTEwNiwiaWF0IjoxNjc2MjMyNzA2LCJqdGkiOiI2M2FiNjY0ZGNlNWQ0MmJkYmI4ZTZmYmQ1ZDgzMTEzNSIsInVzZXJfaWQiOjJ9.LufNjVQhdI4jYDuKjoUbSNECzbKxT0Nq5upYhuKrswM	2023-02-12 20:11:46.423834+00	2023-03-15 20:11:46+00	2	63ab664dce5d42bdbb8e6fbd5d831135
33	eyJhbGciOiJIUzI1NiIsInR5cCI6IkpXVCJ9.eyJ0b2tlbl90eXBlIjoicmVmcmVzaCIsImV4cCI6MTY3ODkxMTUyNSwiaWF0IjoxNjc2MjMzMTI1LCJqdGkiOiIxZTI4ZjhhYTBmNGQ0MzM2YjllMmE1ZGUyYmIxYzdlYyIsInVzZXJfaWQiOjJ9.PYmGnlhJo9wsC26xdRiQ5GO1j4hPCvq0vL2cTKti5ak	2023-02-12 20:18:45.185352+00	2023-03-15 20:18:45+00	2	1e28f8aa0f4d4336b9e2a5de2bb1c7ec
34	eyJhbGciOiJIUzI1NiIsInR5cCI6IkpXVCJ9.eyJ0b2tlbl90eXBlIjoicmVmcmVzaCIsImV4cCI6MTY3ODkxMjIzNywiaWF0IjoxNjc2MjMzODM3LCJqdGkiOiI0MWZlMWRkZjYzNmY0N2EzODQ3MTdiZjY0MGRhMGE1MyIsInVzZXJfaWQiOjZ9.EtC16cCTu96FOcpkJ-qnHYuwUdUum4oWNKoqapO5Y5Y	2023-02-12 20:30:37.529191+00	2023-03-15 20:30:37+00	6	41fe1ddf636f47a384717bf640da0a53
35	eyJhbGciOiJIUzI1NiIsInR5cCI6IkpXVCJ9.eyJ0b2tlbl90eXBlIjoicmVmcmVzaCIsImV4cCI6MTY3ODkxMjMzMSwiaWF0IjoxNjc2MjMzOTMxLCJqdGkiOiI0ZWQ2ZGUwNjk1MTc0MWIzOTAzOTc5ZWI4NTI4MWM0OSIsInVzZXJfaWQiOjJ9.HtB_tfyvmsT-AqgZhzks4RPF-kpkwLdHF4p2YCM2Sqg	2023-02-12 20:32:11.900749+00	2023-03-15 20:32:11+00	2	4ed6de06951741b3903979eb85281c49
36	eyJhbGciOiJIUzI1NiIsInR5cCI6IkpXVCJ9.eyJ0b2tlbl90eXBlIjoicmVmcmVzaCIsImV4cCI6MTY3ODk3MTEzNCwiaWF0IjoxNjc2MjkyNzM0LCJqdGkiOiIzNGM1MDUwNzQyNWI0NmI2YWExNjc3OTViMTc3YmMwMSIsInVzZXJfaWQiOjJ9.4-WMTigazAkUOMJ4IjzvHe0p3yj49hvyBz_QCU6ZtTo	2023-02-13 12:52:14.50584+00	2023-03-16 12:52:14+00	2	34c50507425b46b6aa167795b177bc01
37	eyJhbGciOiJIUzI1NiIsInR5cCI6IkpXVCJ9.eyJ0b2tlbl90eXBlIjoicmVmcmVzaCIsImV4cCI6MTY3ODk3MTMzNywiaWF0IjoxNjc2MjkyOTM3LCJqdGkiOiI5ZTRiMzk1MWQ1YTM0N2U5OGI0MWZmNzRlY2M3MTlhNiIsInVzZXJfaWQiOjJ9.ul8lLb39qMxoxxAEtkBvyiZmc35tMj2yekMxdPOuxDc	2023-02-13 12:55:37.955085+00	2023-03-16 12:55:37+00	2	9e4b3951d5a347e98b41ff74ecc719a6
38	eyJhbGciOiJIUzI1NiIsInR5cCI6IkpXVCJ9.eyJ0b2tlbl90eXBlIjoicmVmcmVzaCIsImV4cCI6MTY3ODk3NDY1NCwiaWF0IjoxNjc2Mjk2MjU0LCJqdGkiOiIwMGI1M2M4YzM4NTA0YzEwYjIyOGM4ZDRlMjdmMGNmYSIsInVzZXJfaWQiOjh9.irsWEZrqCT5R2IuEx-2k-Xz8Lhu6VCwg_UFJJT0oC18	2023-02-13 13:50:54.164657+00	2023-03-16 13:50:54+00	8	00b53c8c38504c10b228c8d4e27f0cfa
39	eyJhbGciOiJIUzI1NiIsInR5cCI6IkpXVCJ9.eyJ0b2tlbl90eXBlIjoicmVmcmVzaCIsImV4cCI6MTY3OTAyNzU4NywiaWF0IjoxNjc2MzQ5MTg3LCJqdGkiOiI4NmE4NDEzOTM0MTM0OWU3OTRkZjQ5OWI5YzkzY2VhYiIsInVzZXJfaWQiOjl9.w2jtBr2eEP89NjP4d6BFAXlAMD8F2IWXXyVDHLf4jLU	2023-02-14 04:33:07.508973+00	2023-03-17 04:33:07+00	9	86a84139341349e794df499b9c93ceab
40	eyJhbGciOiJIUzI1NiIsInR5cCI6IkpXVCJ9.eyJ0b2tlbl90eXBlIjoicmVmcmVzaCIsImV4cCI6MTY3OTAzODY0MiwiaWF0IjoxNjc2MzYwMjQyLCJqdGkiOiJjZDY4ZjBjYjZmODY0NmVhOGM2ZjdkMWNlY2ViYWVhNSIsInVzZXJfaWQiOjl9.32WfH7biMhyfGyocof8zncIf_myV7-SFV8BwaycMV3g	2023-02-14 07:37:22.461522+00	2023-03-17 07:37:22+00	9	cd68f0cb6f8646ea8c6f7d1cecebaea5
41	eyJhbGciOiJIUzI1NiIsInR5cCI6IkpXVCJ9.eyJ0b2tlbl90eXBlIjoicmVmcmVzaCIsImV4cCI6MTY3OTAzODY2MywiaWF0IjoxNjc2MzYwMjYzLCJqdGkiOiI3NTc3OGI1OWM3NmY0MGY4ODJlMTVmMTAxNmNiYTk4MyIsInVzZXJfaWQiOjl9.2TuG1GYgbmWObHpn5pafHEE_C6fB9ETlWSnCHnXtQQ4	2023-02-14 07:37:43.388775+00	2023-03-17 07:37:43+00	9	75778b59c76f40f882e15f1016cba983
42	eyJhbGciOiJIUzI1NiIsInR5cCI6IkpXVCJ9.eyJ0b2tlbl90eXBlIjoicmVmcmVzaCIsImV4cCI6MTY3OTAzODc1MiwiaWF0IjoxNjc2MzYwMzUyLCJqdGkiOiI4OWVhODBkNTE1YjA0Y2RjYWY5MTE0MGU1ZjAzYmM3OSIsInVzZXJfaWQiOjl9.jz4JTdFobx93uMXsxWPqCG8RRexiDONilRTZ836kB5g	2023-02-14 07:39:12.096758+00	2023-03-17 07:39:12+00	9	89ea80d515b04cdcaf91140e5f03bc79
43	eyJhbGciOiJIUzI1NiIsInR5cCI6IkpXVCJ9.eyJ0b2tlbl90eXBlIjoicmVmcmVzaCIsImV4cCI6MTY3OTAzODgyOCwiaWF0IjoxNjc2MzYwNDI4LCJqdGkiOiI3ZjY0NGU0NmE3NmQ0ZjBiYTJlODZiNDhjNzE2NGY1ZSIsInVzZXJfaWQiOjl9.cnp7SgYddGzly5vMw7xC8BdlzYz6cE-E1hbzBv8H81I	2023-02-14 07:40:28.113063+00	2023-03-17 07:40:28+00	9	7f644e46a76d4f0ba2e86b48c7164f5e
44	eyJhbGciOiJIUzI1NiIsInR5cCI6IkpXVCJ9.eyJ0b2tlbl90eXBlIjoicmVmcmVzaCIsImV4cCI6MTY3OTA0NDg2MSwiaWF0IjoxNjc2MzY2NDYxLCJqdGkiOiIxNzcwM2NmYmQzNWI0MzIyODk3OTM1MWU0N2U1MmVmZCIsInVzZXJfaWQiOjl9.IBMUOLzLfdkIDQaE5fvcKoGWmuxZDFq1YrG-PjSGt-0	2023-02-14 09:21:01.615174+00	2023-03-17 09:21:01+00	9	17703cfbd35b43228979351e47e52efd
45	eyJhbGciOiJIUzI1NiIsInR5cCI6IkpXVCJ9.eyJ0b2tlbl90eXBlIjoicmVmcmVzaCIsImV4cCI6MTY3OTA0NDg5NSwiaWF0IjoxNjc2MzY2NDk1LCJqdGkiOiJjNTliMDU2YTYyNzg0YmJiYWVkMjdhYWFhNWIyYjgwYSIsInVzZXJfaWQiOjl9.JURWBmh6Z1xefT24ysZiv9sgAYw6gIVmatRaJloyzqI	2023-02-14 09:21:35.85382+00	2023-03-17 09:21:35+00	9	c59b056a62784bbbaed27aaaa5b2b80a
46	eyJhbGciOiJIUzI1NiIsInR5cCI6IkpXVCJ9.eyJ0b2tlbl90eXBlIjoicmVmcmVzaCIsImV4cCI6MTY3OTA1MDQ4MCwiaWF0IjoxNjc2MzcyMDgwLCJqdGkiOiI3NGIxODAyYjE2ZGM0NTdmYTNmYTM1ZmQzODQwODdjMCIsInVzZXJfaWQiOjEwfQ.M3dPZIa53_0w8RK_lcHJMSoSTuyy5VP-8iirmov7HIU	2023-02-14 10:54:40.813454+00	2023-03-17 10:54:40+00	10	74b1802b16dc457fa3fa35fd384087c0
47	eyJhbGciOiJIUzI1NiIsInR5cCI6IkpXVCJ9.eyJ0b2tlbl90eXBlIjoicmVmcmVzaCIsImV4cCI6MTY3OTA1MDU1NCwiaWF0IjoxNjc2MzcyMTU0LCJqdGkiOiI3YmJhYmQ2MDNkOTM0MzdjOGFlMWVhNjIzODg5M2M5OSIsInVzZXJfaWQiOjExfQ.D_TRcu-SWQUCVVjmJgxhmkyixS8IRyWcMMvGEVe9eUk	2023-02-14 10:55:54.239823+00	2023-03-17 10:55:54+00	11	7bbabd603d93437c8ae1ea6238893c99
48	eyJhbGciOiJIUzI1NiIsInR5cCI6IkpXVCJ9.eyJ0b2tlbl90eXBlIjoicmVmcmVzaCIsImV4cCI6MTY3OTA1MDYxNywiaWF0IjoxNjc2MzcyMjE3LCJqdGkiOiJkMjU0NDI0NDRiODE0OTAwYWJmM2QxMDM0YjQwNTdiNyIsInVzZXJfaWQiOjl9.WY6YtDAzITKN7Pfo96QM7kLpkNJryUx0RKLKZu2-HB8	2023-02-14 10:56:57.173326+00	2023-03-17 10:56:57+00	9	d25442444b814900abf3d1034b4057b7
49	eyJhbGciOiJIUzI1NiIsInR5cCI6IkpXVCJ9.eyJ0b2tlbl90eXBlIjoicmVmcmVzaCIsImV4cCI6MTY3OTA1MDY2OCwiaWF0IjoxNjc2MzcyMjY4LCJqdGkiOiIyMDllZjc4NmMyMjQ0ZWFlODBhNjAzZmQ3MDhhZWZlNCIsInVzZXJfaWQiOjl9.FdtVWSyn7t2KoAPypchWS-jYbTmC_8U3vFkaAoEIO2Q	2023-02-14 10:57:48.249209+00	2023-03-17 10:57:48+00	9	209ef786c2244eae80a603fd708aefe4
50	eyJhbGciOiJIUzI1NiIsInR5cCI6IkpXVCJ9.eyJ0b2tlbl90eXBlIjoicmVmcmVzaCIsImV4cCI6MTY3OTA1MTA0NywiaWF0IjoxNjc2MzcyNjQ3LCJqdGkiOiJiNWRhZDY3MTJlZjM0ZTdlYWI3NTQyZDhmMDNjZDQ4NCIsInVzZXJfaWQiOjJ9.u3SaHoI7D5DusI188g7oAz4ZMVJWvmHJ_gSngf7Yt54	2023-02-14 11:04:07.258008+00	2023-03-17 11:04:07+00	2	b5dad6712ef34e7eab7542d8f03cd484
51	eyJhbGciOiJIUzI1NiIsInR5cCI6IkpXVCJ9.eyJ0b2tlbl90eXBlIjoicmVmcmVzaCIsImV4cCI6MTY3OTA1MTA4OSwiaWF0IjoxNjc2MzcyNjg5LCJqdGkiOiJlNjQ5ZDA2NzA3ODI0Y2U3Yjk3ZWJiNjA1NDM2YjIxNyIsInVzZXJfaWQiOjJ9.E9gbDfSNpI2AeMHIBg0mErk0ZcFaq9nTDl4qNA9DeVs	2023-02-14 11:04:49.758014+00	2023-03-17 11:04:49+00	2	e649d06707824ce7b97ebb605436b217
52	eyJhbGciOiJIUzI1NiIsInR5cCI6IkpXVCJ9.eyJ0b2tlbl90eXBlIjoicmVmcmVzaCIsImV4cCI6MTY3OTA1MTI1OCwiaWF0IjoxNjc2MzcyODU4LCJqdGkiOiI0ODM5Mzg3NGEzZTU0ZDZmYTFlNGJlNmU1OWQ4YmRiYSIsInVzZXJfaWQiOjJ9.7eUke21HUyRbCAZSV5ZwEmuSBYGvr21YDwmP9z3XQ8I	2023-02-14 11:07:38.888346+00	2023-03-17 11:07:38+00	2	48393874a3e54d6fa1e4be6e59d8bdba
53	eyJhbGciOiJIUzI1NiIsInR5cCI6IkpXVCJ9.eyJ0b2tlbl90eXBlIjoicmVmcmVzaCIsImV4cCI6MTY3OTA3ODc1MywiaWF0IjoxNjc2NDAwMzUzLCJqdGkiOiI5OTVhOTg0YmNhNTA0NDk0YmVkMjQzMDc0MjlhYzA4MSIsInVzZXJfaWQiOjJ9.TAtTkK-wJihSlLvfJgXZg6d9LUog3fSZ6qQ1mjdA5Nc	2023-02-14 18:45:53.592972+00	2023-03-17 18:45:53+00	2	995a984bca504494bed24307429ac081
54	eyJhbGciOiJIUzI1NiIsInR5cCI6IkpXVCJ9.eyJ0b2tlbl90eXBlIjoicmVmcmVzaCIsImV4cCI6MTY3OTEzMjQ1NCwiaWF0IjoxNjc2NDU0MDU0LCJqdGkiOiIxNzljYTkwODA4OGM0YTI5YTRlM2I5ZTQxOGUzYzM0MSIsInVzZXJfaWQiOjl9.u7r5gD45Uv0BZaNtz2vYHNi24je5pz2Gy8oLjKQZrUc	2023-02-15 09:40:54.455005+00	2023-03-18 09:40:54+00	9	179ca908088c4a29a4e3b9e418e3c341
55	eyJhbGciOiJIUzI1NiIsInR5cCI6IkpXVCJ9.eyJ0b2tlbl90eXBlIjoicmVmcmVzaCIsImV4cCI6MTY3OTE2Njc5MSwiaWF0IjoxNjc2NDg4MzkxLCJqdGkiOiI3M2U1YjM1OTg0NjE0YzNkOTA2NWIwZmM5OGQ0YmMxYSIsInVzZXJfaWQiOjEyfQ.VEDEwJq-kDxnN1aHm98JUeAHy9SjunBC5-CfD6IkMQw	2023-02-15 19:13:11.524329+00	2023-03-18 19:13:11+00	12	73e5b35984614c3d9065b0fc98d4bc1a
56	eyJhbGciOiJIUzI1NiIsInR5cCI6IkpXVCJ9.eyJ0b2tlbl90eXBlIjoicmVmcmVzaCIsImV4cCI6MTY3OTIxMzgyMCwiaWF0IjoxNjc2NTM1NDIwLCJqdGkiOiJmNmM1YjM4MzlhZTA0NDU5OWE1MTlhNDE1Y2YyNWU2YSIsInVzZXJfaWQiOjZ9.X9a1__50nexl4hiUimQe7W9I7Jgx1GyhSWkVNzpdZkc	2023-02-16 08:17:00.26523+00	2023-03-19 08:17:00+00	6	f6c5b3839ae044599a519a415cf25e6a
57	eyJhbGciOiJIUzI1NiIsInR5cCI6IkpXVCJ9.eyJ0b2tlbl90eXBlIjoicmVmcmVzaCIsImV4cCI6MTY3OTIxMzk0NywiaWF0IjoxNjc2NTM1NTQ3LCJqdGkiOiJiNGE1ZmQ2MzYxYzk0ZjY2YWU0ZDlhMzkyMTk3NjVlMiIsInVzZXJfaWQiOjZ9.NzkxYZbAE6F4nGOmws3gnmeGIpARL9GcRe1z_M5eS2M	2023-02-16 08:19:07.157501+00	2023-03-19 08:19:07+00	6	b4a5fd6361c94f66ae4d9a39219765e2
58	eyJhbGciOiJIUzI1NiIsInR5cCI6IkpXVCJ9.eyJ0b2tlbl90eXBlIjoicmVmcmVzaCIsImV4cCI6MTY3OTIyMzY4NywiaWF0IjoxNjc2NTQ1Mjg3LCJqdGkiOiJkM2YyZTY2YzRlNTI0YzFmOGE1NzM5ZGYyYjY2NjM3MyIsInVzZXJfaWQiOjEzfQ.YhuL3eU5sv5Qq3dcnBjaT7-ZRnb6_OLV3JoLb1KigOo	2023-02-16 11:01:27.517631+00	2023-03-19 11:01:27+00	13	d3f2e66c4e524c1f8a5739df2b666373
59	eyJhbGciOiJIUzI1NiIsInR5cCI6IkpXVCJ9.eyJ0b2tlbl90eXBlIjoicmVmcmVzaCIsImV4cCI6MTY3OTIyMzY5OSwiaWF0IjoxNjc2NTQ1Mjk5LCJqdGkiOiJhNzNhOWRkYzg4Njg0YWE1YTUwOTI0N2YzZWRjYmI3MiIsInVzZXJfaWQiOjEzfQ.2_A5jH7amkUNWjoV254U7ypucdEWnAskyFbfOKQmzag	2023-02-16 11:01:39.701641+00	2023-03-19 11:01:39+00	13	a73a9ddc88684aa5a509247f3edcbb72
60	eyJhbGciOiJIUzI1NiIsInR5cCI6IkpXVCJ9.eyJ0b2tlbl90eXBlIjoicmVmcmVzaCIsImV4cCI6MTY3OTIyMzg0MiwiaWF0IjoxNjc2NTQ1NDQyLCJqdGkiOiI1OGFmNjA3MjIxYjA0NDIxYmU0ODA4ZmNkNjU3NzY2NyIsInVzZXJfaWQiOjZ9.IWq87ub0NRWml2BZ9ne3DjdjbE6Z58kuRRRQ1I2HQM8	2023-02-16 11:04:02.118944+00	2023-03-19 11:04:02+00	6	58af607221b04421be4808fcd6577667
61	eyJhbGciOiJIUzI1NiIsInR5cCI6IkpXVCJ9.eyJ0b2tlbl90eXBlIjoicmVmcmVzaCIsImV4cCI6MTY3OTIyNjMxNCwiaWF0IjoxNjc2NTQ3OTE0LCJqdGkiOiI1ZjUyMjM2NTY5Yzk0NjQwYTI3NzcwNDY2NTIxZDhlNiIsInVzZXJfaWQiOjEzfQ.FmrekEmvAUaa9wXiq1O6qby4s0028RYCYamqkOglFDQ	2023-02-16 11:45:14.849723+00	2023-03-19 11:45:14+00	13	5f52236569c94640a27770466521d8e6
62	eyJhbGciOiJIUzI1NiIsInR5cCI6IkpXVCJ9.eyJ0b2tlbl90eXBlIjoicmVmcmVzaCIsImV4cCI6MTY3OTIyNjQwOSwiaWF0IjoxNjc2NTQ4MDA5LCJqdGkiOiIxZTE2MDhmYjMyMmY0ZjdmYTk1YzlkMzFhZDY5YjQ4NSIsInVzZXJfaWQiOjJ9.zkKIhwPLDcPdz-xH_bNieoSOcGHeKv5bZG_5h8rq4VA	2023-02-16 11:46:49.365767+00	2023-03-19 11:46:49+00	2	1e1608fb322f4f7fa95c9d31ad69b485
63	eyJhbGciOiJIUzI1NiIsInR5cCI6IkpXVCJ9.eyJ0b2tlbl90eXBlIjoicmVmcmVzaCIsImV4cCI6MTY3OTI0MjA2NiwiaWF0IjoxNjc2NTYzNjY2LCJqdGkiOiJlOTc4Y2U5OWEyM2Q0Mjc4YWQxMmJhYWY2MmM1MDdlYiIsInVzZXJfaWQiOjEyfQ.X5R0nuxbSalNAB0e3SNC5Y_9c2nSRzlcYOMB8mXu1TA	2023-02-16 16:07:46.876076+00	2023-03-19 16:07:46+00	12	e978ce99a23d4278ad12baaf62c507eb
64	eyJhbGciOiJIUzI1NiIsInR5cCI6IkpXVCJ9.eyJ0b2tlbl90eXBlIjoicmVmcmVzaCIsImV4cCI6MTY3OTI0MjA5NCwiaWF0IjoxNjc2NTYzNjk0LCJqdGkiOiJhNzk0NWI4MjE5YWM0MTU1ODUyMTRjMGRkZTdkMDNmNSIsInVzZXJfaWQiOjEyfQ.wDVuzD06jI-Ez-0g3V2kAJeNWBWApvWr6MwIqL7wCRQ	2023-02-16 16:08:14.383774+00	2023-03-19 16:08:14+00	12	a7945b8219ac415585214c0dde7d03f5
65	eyJhbGciOiJIUzI1NiIsInR5cCI6IkpXVCJ9.eyJ0b2tlbl90eXBlIjoicmVmcmVzaCIsImV4cCI6MTY3OTI0MjU5NCwiaWF0IjoxNjc2NTY0MTk0LCJqdGkiOiI0NjEwODYxMzlkOWM0NzA2ODAwZGZjMTc4ZWY2Y2JlMCIsInVzZXJfaWQiOjEzfQ.2tMNtlMmiKPKmrTAXzzpD61RDRjUSPykx9wE3HD_T3o	2023-02-16 16:16:34.542851+00	2023-03-19 16:16:34+00	13	461086139d9c4706800dfc178ef6cbe0
66	eyJhbGciOiJIUzI1NiIsInR5cCI6IkpXVCJ9.eyJ0b2tlbl90eXBlIjoicmVmcmVzaCIsImV4cCI6MTY3OTI1MDc5MCwiaWF0IjoxNjc2NTcyMzkwLCJqdGkiOiI1YTcyMTJlMTI3YzY0ZmRjODdjNWI4MGFhZGQ0OWY3NyIsInVzZXJfaWQiOjE0fQ.b-n-r1i8mAAoiFqRASfp_l_TDxqNzAWrdDm1urpC05g	2023-02-16 18:33:10.500976+00	2023-03-19 18:33:10+00	14	5a7212e127c64fdc87c5b80aadd49f77
67	eyJhbGciOiJIUzI1NiIsInR5cCI6IkpXVCJ9.eyJ0b2tlbl90eXBlIjoicmVmcmVzaCIsImV4cCI6MTY3OTMyNzE4OSwiaWF0IjoxNjc2NjQ4Nzg5LCJqdGkiOiIwZjgzMDU4NmI0YmI0Njc0YmQyZWZlMzA2NGE0NTUwMiIsInVzZXJfaWQiOjEyfQ.yzjLtCc0pgcgB07DjcBEx8HjdgYhM4wvTfKdvnZAgVs	2023-02-17 15:46:29.232834+00	2023-03-20 15:46:29+00	12	0f830586b4bb4674bd2efe3064a45502
68	eyJhbGciOiJIUzI1NiIsInR5cCI6IkpXVCJ9.eyJ0b2tlbl90eXBlIjoicmVmcmVzaCIsImV4cCI6MTY3OTQyNzMzOCwiaWF0IjoxNjc2NzQ4OTM4LCJqdGkiOiJhMDNkZDcyYzcxZDQ0NjdiYjk4MDBmMzVlMDliYmFlOSIsInVzZXJfaWQiOjEzfQ.dKlAClUxnL3YW2pZy8cGXYu63_U847ZSIdjUCcH3i_U	2023-02-18 19:35:38.19413+00	2023-03-21 19:35:38+00	13	a03dd72c71d4467bb9800f35e09bbae9
69	eyJhbGciOiJIUzI1NiIsInR5cCI6IkpXVCJ9.eyJ0b2tlbl90eXBlIjoicmVmcmVzaCIsImV4cCI6MTY3OTQyNzU0MywiaWF0IjoxNjc2NzQ5MTQzLCJqdGkiOiI1YmVkM2Y5NDI3ZmQ0ZDhiYTJhZjQ1ZmQzNjBjMjA2MiIsInVzZXJfaWQiOjE1fQ.WCPCb3KTVUoaVWUChAZjAHD12Ej4EXUd7KDJ8O5UOqs	2023-02-18 19:39:03.53688+00	2023-03-21 19:39:03+00	15	5bed3f9427fd4d8ba2af45fd360c2062
70	eyJhbGciOiJIUzI1NiIsInR5cCI6IkpXVCJ9.eyJ0b2tlbl90eXBlIjoicmVmcmVzaCIsImV4cCI6MTY3OTQyNzcwMywiaWF0IjoxNjc2NzQ5MzAzLCJqdGkiOiI4OGQ2NmVmNDRhNGI0YTI1ODk2YjRkYjFlNmFkOGRkMCIsInVzZXJfaWQiOjE2fQ.SjgKosFDUtnF_X8_e3hJpFWROyufYZB6dALjLmgIeE8	2023-02-18 19:41:43.762704+00	2023-03-21 19:41:43+00	16	88d66ef44a4b4a25896b4db1e6ad8dd0
71	eyJhbGciOiJIUzI1NiIsInR5cCI6IkpXVCJ9.eyJ0b2tlbl90eXBlIjoicmVmcmVzaCIsImV4cCI6MTY3OTQyNzkzNiwiaWF0IjoxNjc2NzQ5NTM2LCJqdGkiOiI2MDFmMDYwMTlkZmQ0ZDIyYTliODMwZWM1NDAyNDRjMSIsInVzZXJfaWQiOjJ9.x7GCjIjL5gtU3bLBuLpg7_iuMEoiif5DCPjHX2j-6nw	2023-02-18 19:45:36.3545+00	2023-03-21 19:45:36+00	2	601f06019dfd4d22a9b830ec540244c1
72	eyJhbGciOiJIUzI1NiIsInR5cCI6IkpXVCJ9.eyJ0b2tlbl90eXBlIjoicmVmcmVzaCIsImV4cCI6MTY3OTQyODA1NywiaWF0IjoxNjc2NzQ5NjU3LCJqdGkiOiI1MWRhOTM2YzFlYjA0ZjA2YTA0MWIzNDc3MGQ0MjEzYSIsInVzZXJfaWQiOjJ9.knbvNkhG-NnH0tsBwq6Gh5rAGKhRwIMXbRGV-8xYRmY	2023-02-18 19:47:37.337495+00	2023-03-21 19:47:37+00	2	51da936c1eb04f06a041b34770d4213a
73	eyJhbGciOiJIUzI1NiIsInR5cCI6IkpXVCJ9.eyJ0b2tlbl90eXBlIjoicmVmcmVzaCIsImV4cCI6MTY3OTQzMDA4OSwiaWF0IjoxNjc2NzUxNjg5LCJqdGkiOiJhMDU1N2Q2ZTY4ODc0MTM0YWMxMmFkYjU3ZThlN2E4OSIsInVzZXJfaWQiOjE3fQ.PYueQJhOtY8GxDF08mLolwv3E32elSerikM3Oca2FYs	2023-02-18 20:21:29.825812+00	2023-03-21 20:21:29+00	17	a0557d6e68874134ac12adb57e8e7a89
74	eyJhbGciOiJIUzI1NiIsInR5cCI6IkpXVCJ9.eyJ0b2tlbl90eXBlIjoicmVmcmVzaCIsImV4cCI6MTY3OTQzMDExOSwiaWF0IjoxNjc2NzUxNzE5LCJqdGkiOiJmMjdkMGY2MDY2ZjQ0ZmI4YTE0Mjg4MzdkNmU0NjAxYyIsInVzZXJfaWQiOjE3fQ.7-QFMSoZ8aBRfxnWDZ-lBKOpq3Oy6dtCW8R3k8kIRAk	2023-02-18 20:21:59.219319+00	2023-03-21 20:21:59+00	17	f27d0f6066f44fb8a1428837d6e4601c
75	eyJhbGciOiJIUzI1NiIsInR5cCI6IkpXVCJ9.eyJ0b2tlbl90eXBlIjoicmVmcmVzaCIsImV4cCI6MTY3OTQ4OTUzNCwiaWF0IjoxNjc2ODExMTM0LCJqdGkiOiIzZmE4YjE5MGYzYjk0NDNmODhmY2VkMGU2Zjg0NGM5ZCIsInVzZXJfaWQiOjE3fQ.ErUmviDOi8Kwp60nTJ0EyC557Xs-Fwe-N_2oLKpu03Y	2023-02-19 12:52:14.412186+00	2023-03-22 12:52:14+00	17	3fa8b190f3b9443f88fced0e6f844c9d
76	eyJhbGciOiJIUzI1NiIsInR5cCI6IkpXVCJ9.eyJ0b2tlbl90eXBlIjoicmVmcmVzaCIsImV4cCI6MTY3OTQ5MDI4MSwiaWF0IjoxNjc2ODExODgxLCJqdGkiOiIzYjNjZmQwMWMwMzI0NDNiOWFhODkxNGIxNGRiOGYwOCIsInVzZXJfaWQiOjE3fQ.oUuwfiAviRhQ1Xkj18SzrVzVBft-yZAGIVAQFKh54fs	2023-02-19 13:04:41.873945+00	2023-03-22 13:04:41+00	17	3b3cfd01c032443b9aa8914b14db8f08
77	eyJhbGciOiJIUzI1NiIsInR5cCI6IkpXVCJ9.eyJ0b2tlbl90eXBlIjoicmVmcmVzaCIsImV4cCI6MTY3OTQ5NDAwNywiaWF0IjoxNjc2ODE1NjA3LCJqdGkiOiIyNDljZDQwMTMzODk0ZDMwYTdhOGNiMmQ2NzU2ZWU5NyIsInVzZXJfaWQiOjE4fQ.KwDZb3lnxzkwxiZCiop1qbJxJhRwDXllyj1xrOg0uso	2023-02-19 14:06:47.665123+00	2023-03-22 14:06:47+00	18	249cd40133894d30a7a8cb2d6756ee97
78	eyJhbGciOiJIUzI1NiIsInR5cCI6IkpXVCJ9.eyJ0b2tlbl90eXBlIjoicmVmcmVzaCIsImV4cCI6MTY3OTQ5NDQ3MCwiaWF0IjoxNjc2ODE2MDcwLCJqdGkiOiI1OGMzNmQzNDhmODY0YTg1YjAzNzhiYjY2ZjIzZWUzMCIsInVzZXJfaWQiOjE5fQ.OCOOWoF0nJDdGnUmLJVG-xhDGYWPgQPaq16jtXLZgNo	2023-02-19 14:14:30.218466+00	2023-03-22 14:14:30+00	19	58c36d348f864a85b0378bb66f23ee30
79	eyJhbGciOiJIUzI1NiIsInR5cCI6IkpXVCJ9.eyJ0b2tlbl90eXBlIjoicmVmcmVzaCIsImV4cCI6MTY3OTQ5NzYzMiwiaWF0IjoxNjc2ODE5MjMyLCJqdGkiOiJjZmJmYjZjYTEwZWI0MWRmOTE0OTVhZGY4MmYwOTcwNyIsInVzZXJfaWQiOjE3fQ.quO4_QJGw3xVdcDvSDtgSbbo3Oi6MO9GnDciGDOP0A4	2023-02-19 15:07:12.05552+00	2023-03-22 15:07:12+00	17	cfbfb6ca10eb41df91495adf82f09707
80	eyJhbGciOiJIUzI1NiIsInR5cCI6IkpXVCJ9.eyJ0b2tlbl90eXBlIjoicmVmcmVzaCIsImV4cCI6MTY3OTUwMjAwMCwiaWF0IjoxNjc2ODIzNjAwLCJqdGkiOiI3MTUxYTk2MGIyNTU0MThkOWMzOGM3MzY5YWE5NzA0YSIsInVzZXJfaWQiOjEyfQ.AfFh8lac3o8I-_d30QUUBQqD38WEDXe4WTe2WxRKlZc	2023-02-19 16:20:00.77226+00	2023-03-22 16:20:00+00	12	7151a960b255418d9c38c7369aa9704a
81	eyJhbGciOiJIUzI1NiIsInR5cCI6IkpXVCJ9.eyJ0b2tlbl90eXBlIjoicmVmcmVzaCIsImV4cCI6MTY3OTU1MjY0MywiaWF0IjoxNjc2ODc0MjQzLCJqdGkiOiJkOTViOGQwNTc1M2Q0MDk0YTlhMDBiOTg5MDU0MTU1OCIsInVzZXJfaWQiOjEyfQ.9uez8M6tZmN63iAHCb3c5dvzvavealwVOuKA4FtbxgE	2023-02-20 06:24:03.121303+00	2023-03-23 06:24:03+00	12	d95b8d05753d4094a9a00b9890541558
82	eyJhbGciOiJIUzI1NiIsInR5cCI6IkpXVCJ9.eyJ0b2tlbl90eXBlIjoicmVmcmVzaCIsImV4cCI6MTY4MDAwNzAxMywiaWF0IjoxNjc3MzI4NjEzLCJqdGkiOiIyYzYwMWIxNzAxZDY0NzNjOWJhMzdhMmRjY2M3NDhiYiIsInVzZXJfaWQiOjIxfQ.Z_bCVNYg2oCUw_Zu4_tWrbA0KMzTAFjuOL7AjBpVkik	2023-02-25 12:36:53.831683+00	2023-03-28 12:36:53+00	21	2c601b1701d6473c9ba37a2dccc748bb
83	eyJhbGciOiJIUzI1NiIsInR5cCI6IkpXVCJ9.eyJ0b2tlbl90eXBlIjoicmVmcmVzaCIsImV4cCI6MTY4MDAwNzAxOSwiaWF0IjoxNjc3MzI4NjE5LCJqdGkiOiI1NWMyNTM4NDUwMGM0YzEwOTQyMWNkZTNmNTFmZTc0ZiIsInVzZXJfaWQiOjIxfQ.cb2p29cV_Y6yhaTi80-xvMQclcNlUDu_1x-7dLoWtZo	2023-02-25 12:36:59.885963+00	2023-03-28 12:36:59+00	21	55c25384500c4c109421cde3f51fe74f
3	eyJhbGciOiJIUzI1NiIsInR5cCI6IkpXVCJ9.eyJ0b2tlbl90eXBlIjoicmVmcmVzaCIsImV4cCI6MTY3ODY1Njg2OCwiaWF0IjoxNjc1OTc4NDY4LCJqdGkiOiI4NjE5NjQxZTNiZGE0YWJlOGI3ZmM4ZGQ2ZDZkNmM3YiIsInVzZXJfaWQiOjN9.qko6VfDNRlrXtzpEeCOZZojvfezQplfZSSMd4XV09qY	2023-02-09 21:34:28.465573+00	2023-03-12 21:34:28+00	\N	8619641e3bda4abe8b7fc8dd6d6d6c7b
84	eyJhbGciOiJIUzI1NiIsInR5cCI6IkpXVCJ9.eyJ0b2tlbl90eXBlIjoicmVmcmVzaCIsImV4cCI6MTY4MDAwODgyNywiaWF0IjoxNjc3MzMwNDI3LCJqdGkiOiI4MjRlMjExYWU3NDU0MjhjYTQ3NDM0OWFmNTQ3MjUwNCIsInVzZXJfaWQiOjN9.PPOvRmkLm4qxgwZS5n3xx_Bjmuyv8pxRP2un07rxMJs	2023-02-25 13:07:07.914228+00	2023-03-28 13:07:07+00	\N	824e211ae745428ca474349af5472504
85	eyJhbGciOiJIUzI1NiIsInR5cCI6IkpXVCJ9.eyJ0b2tlbl90eXBlIjoicmVmcmVzaCIsImV4cCI6MTY4MDAxOTQ1NywiaWF0IjoxNjc3MzQxMDU3LCJqdGkiOiI2YzBlMTQ5NjU3N2E0NDcxYTgzNzgzODExZjYzYjEyOCIsInVzZXJfaWQiOjN9.n6nXAUB5RFqBuoS0df6WByqUc2IjCbKfeBwO4RWw-eY	2023-02-25 16:04:17.585269+00	2023-03-28 16:04:17+00	\N	6c0e1496577a4471a83783811f63b128
86	eyJhbGciOiJIUzI1NiIsInR5cCI6IkpXVCJ9.eyJ0b2tlbl90eXBlIjoicmVmcmVzaCIsImV4cCI6MTY4MDAxOTQ4MiwiaWF0IjoxNjc3MzQxMDgyLCJqdGkiOiJhYjE2MWQ3ZDMyYWM0MjUxOTk3NDVhZmFjYjgxMWNlNiIsInVzZXJfaWQiOjN9.KNJU75WsA0NAGRQFv4N9QHNwNvXsIR2PqW2dsQxEBJE	2023-02-25 16:04:42.942859+00	2023-03-28 16:04:42+00	\N	ab161d7d32ac425199745afacb811ce6
87	eyJhbGciOiJIUzI1NiIsInR5cCI6IkpXVCJ9.eyJ0b2tlbl90eXBlIjoicmVmcmVzaCIsImV4cCI6MTY4MDAxOTQ4MywiaWF0IjoxNjc3MzQxMDgzLCJqdGkiOiI0MmMwNmZhOThjOWE0ODJjYjRmNDVmZTg3ZjA4ZDZhMSIsInVzZXJfaWQiOjN9.cq_yhA9OOjP0aYQiMLhMTG7n2SaAw8OXIRZRHHHVpy0	2023-02-25 16:04:43.265395+00	2023-03-28 16:04:43+00	\N	42c06fa98c9a482cb4f45fe87f08d6a1
88	eyJhbGciOiJIUzI1NiIsInR5cCI6IkpXVCJ9.eyJ0b2tlbl90eXBlIjoicmVmcmVzaCIsImV4cCI6MTY4MDAyMzEyNywiaWF0IjoxNjc3MzQ0NzI3LCJqdGkiOiIxZjA5YWEyNjYxNzM0NDdhYTE4MzcwYzcxN2UxMzI2YSIsInVzZXJfaWQiOjN9.Da7nyqrpKZoerGkvCe8ctBqmsWrwTXgF-S9rZLrLL-I	2023-02-25 17:05:27.762412+00	2023-03-28 17:05:27+00	\N	1f09aa266173447aa18370c717e1326a
89	eyJhbGciOiJIUzI1NiIsInR5cCI6IkpXVCJ9.eyJ0b2tlbl90eXBlIjoicmVmcmVzaCIsImV4cCI6MTY4MDAyNDA4NSwiaWF0IjoxNjc3MzQ1Njg1LCJqdGkiOiJjYTExZjExZGM3OGI0YWRhYTQ3NmFlYjEyZDdhN2NkZSIsInVzZXJfaWQiOjN9.nW5i54lviL4ttektQtMj2dSw8v_6mO-GQrr5WP_RjG0	2023-02-25 17:21:25.231257+00	2023-03-28 17:21:25+00	\N	ca11f11dc78b4adaa476aeb12d7a7cde
90	eyJhbGciOiJIUzI1NiIsInR5cCI6IkpXVCJ9.eyJ0b2tlbl90eXBlIjoicmVmcmVzaCIsImV4cCI6MTY4MDAyNDY0MiwiaWF0IjoxNjc3MzQ2MjQyLCJqdGkiOiIzNGI1YTkwYzcyMjE0MWQzODcxZjg3ODk3MjRkNDZhYiIsInVzZXJfaWQiOjN9.fMh4YrWHFGRzSv4vMUs9XeMjLdbCX54DlhugKwjM97k	2023-02-25 17:30:42.83749+00	2023-03-28 17:30:42+00	\N	34b5a90c722141d3871f8789724d46ab
91	eyJhbGciOiJIUzI1NiIsInR5cCI6IkpXVCJ9.eyJ0b2tlbl90eXBlIjoicmVmcmVzaCIsImV4cCI6MTY4MDAyNDkwMywiaWF0IjoxNjc3MzQ2NTAzLCJqdGkiOiI2NGY0NmVhNjEzNjc0ODVhOTc4Y2FkNDFkZmNhMzEyYiIsInVzZXJfaWQiOjN9.xl7ciPVNXly9ria47d1UQOBf_bYITj0BAcxlB2wcaok	2023-02-25 17:35:03.775633+00	2023-03-28 17:35:03+00	\N	64f46ea61367485a978cad41dfca312b
92	eyJhbGciOiJIUzI1NiIsInR5cCI6IkpXVCJ9.eyJ0b2tlbl90eXBlIjoicmVmcmVzaCIsImV4cCI6MTY4MDAyNjUyMiwiaWF0IjoxNjc3MzQ4MTIyLCJqdGkiOiIzNDAxOWMxMzZhYmM0OWU4OTg3MzVhYjJhMmZjM2MxNyIsInVzZXJfaWQiOjN9.S7RLuegRpat4vnUamfmJgofVzRU4IA9d71-KuoaPSYI	2023-02-25 18:02:02.311376+00	2023-03-28 18:02:02+00	\N	34019c136abc49e898735ab2a2fc3c17
93	eyJhbGciOiJIUzI1NiIsInR5cCI6IkpXVCJ9.eyJ0b2tlbl90eXBlIjoicmVmcmVzaCIsImV4cCI6MTY4MDAyNjYzNiwiaWF0IjoxNjc3MzQ4MjM2LCJqdGkiOiI4NDJiYjAyMzJkMDg0ZDc3YmUwMjg2MTk2YTVlNjM0NSIsInVzZXJfaWQiOjN9.ExoyxWAxEx_3C43g9oCRKxf8ZeXQe2GsgZX4wqKlgss	2023-02-25 18:03:56.079745+00	2023-03-28 18:03:56+00	\N	842bb0232d084d77be0286196a5e6345
94	eyJhbGciOiJIUzI1NiIsInR5cCI6IkpXVCJ9.eyJ0b2tlbl90eXBlIjoicmVmcmVzaCIsImV4cCI6MTY4MDAyNjc5NywiaWF0IjoxNjc3MzQ4Mzk3LCJqdGkiOiJhZWZlYjgxMzlkMDQ0ODMxYWEwZTMyY2VlZTY4MjZiOSIsInVzZXJfaWQiOjN9._s_B4cyvhX6WJvq2Uu3OBC2m-_5VTDbwBwkExmPp0SU	2023-02-25 18:06:37.712659+00	2023-03-28 18:06:37+00	\N	aefeb8139d044831aa0e32ceee6826b9
95	eyJhbGciOiJIUzI1NiIsInR5cCI6IkpXVCJ9.eyJ0b2tlbl90eXBlIjoicmVmcmVzaCIsImV4cCI6MTY4MDAyNjc5NywiaWF0IjoxNjc3MzQ4Mzk3LCJqdGkiOiIyODYzYzU1NGJiZGQ0N2QxODdkMzFlZjVhZjQ4MDFhZCIsInVzZXJfaWQiOjN9.l_EZEymwF4PB-2GmVONOfiCmg3P2kj-WCAuBZYcAxVc	2023-02-25 18:06:37.872201+00	2023-03-28 18:06:37+00	\N	2863c554bbdd47d187d31ef5af4801ad
96	eyJhbGciOiJIUzI1NiIsInR5cCI6IkpXVCJ9.eyJ0b2tlbl90eXBlIjoicmVmcmVzaCIsImV4cCI6MTY4MDAyNzEyNSwiaWF0IjoxNjc3MzQ4NzI1LCJqdGkiOiIyN2Y4MzcwMzAxYmI0NjYyYjBjM2E0YWQ0Y2VlZmUxMCIsInVzZXJfaWQiOjN9.R8_8lx-SUSqK6xPq3xsWVpDfJDqJApFyxDCfMqabxrE	2023-02-25 18:12:05.287195+00	2023-03-28 18:12:05+00	\N	27f8370301bb4662b0c3a4ad4ceefe10
97	eyJhbGciOiJIUzI1NiIsInR5cCI6IkpXVCJ9.eyJ0b2tlbl90eXBlIjoicmVmcmVzaCIsImV4cCI6MTY4MDAyODI5MSwiaWF0IjoxNjc3MzQ5ODkxLCJqdGkiOiIyNDNkNDJjZjc2ODE0MTJhYmNhNmFmMjIzMzQxMjY2YSIsInVzZXJfaWQiOjN9.c8lsTASUM9lsHiHqYFHVfpxlP1FzxgOjwQpX4k3XsM0	2023-02-25 18:31:31.367181+00	2023-03-28 18:31:31+00	\N	243d42cf7681412abca6af223341266a
98	eyJhbGciOiJIUzI1NiIsInR5cCI6IkpXVCJ9.eyJ0b2tlbl90eXBlIjoicmVmcmVzaCIsImV4cCI6MTY4MDAzMzA3MCwiaWF0IjoxNjc3MzU0NjcwLCJqdGkiOiI4YjI2ZWU1MTY4ZTY0NWE3YTMxNjQ1MTEwY2M4NzQ0ZCIsInVzZXJfaWQiOjN9.hsBcxsJcWtELMmk0uFL4lij_mMzQOQZO2lCwzMG2S0Q	2023-02-25 19:51:10.804777+00	2023-03-28 19:51:10+00	\N	8b26ee5168e645a7a31645110cc8744d
99	eyJhbGciOiJIUzI1NiIsInR5cCI6IkpXVCJ9.eyJ0b2tlbl90eXBlIjoicmVmcmVzaCIsImV4cCI6MTY4MDAzMzA3NCwiaWF0IjoxNjc3MzU0Njc0LCJqdGkiOiJmYWJjNDc1MjE1OWI0NmU2YWZmYjI5ZGIwNTYxMWZmZiIsInVzZXJfaWQiOjN9.0L0f_EOl6bVFBgOBg_gFGQxmQ-YMeRj9xhJRoONpNm4	2023-02-25 19:51:14.771725+00	2023-03-28 19:51:14+00	\N	fabc4752159b46e6affb29db05611fff
100	eyJhbGciOiJIUzI1NiIsInR5cCI6IkpXVCJ9.eyJ0b2tlbl90eXBlIjoicmVmcmVzaCIsImV4cCI6MTY4MDAzOTU4NiwiaWF0IjoxNjc3MzYxMTg2LCJqdGkiOiJlMWNjMDdlMDZjNTU0ZjUyYWQwMjM3MjI3MTgwZjk2MyIsInVzZXJfaWQiOjI0fQ.BHXIf2CBczSu4-FA6VH1d9JYaWwxq41Ne5gQS0opQyk	2023-02-25 21:39:46.24325+00	2023-03-28 21:39:46+00	\N	e1cc07e06c554f52ad0237227180f963
101	eyJhbGciOiJIUzI1NiIsInR5cCI6IkpXVCJ9.eyJ0b2tlbl90eXBlIjoicmVmcmVzaCIsImV4cCI6MTY4MDAzOTYxMywiaWF0IjoxNjc3MzYxMjEzLCJqdGkiOiIwMzczZjkwZmViZjk0NTZhYTQ0ZjFkMDQ2NDA3Njg3MiIsInVzZXJfaWQiOjI0fQ.C1gFokwOGMsMG6m3AGaGwhh8RyOKx_Sn3cnfbzc0Tqo	2023-02-25 21:40:13.896417+00	2023-03-28 21:40:13+00	\N	0373f90febf9456aa44f1d0464076872
102	eyJhbGciOiJIUzI1NiIsInR5cCI6IkpXVCJ9.eyJ0b2tlbl90eXBlIjoicmVmcmVzaCIsImV4cCI6MTY4MDEwMjc3NSwiaWF0IjoxNjc3NDI0Mzc1LCJqdGkiOiI1NDIwMDUwZGQ2NDI0ZmM1OTUxNjg1M2M3MTBhNmMzNSIsInVzZXJfaWQiOjIxfQ.-idEprYDe73PTFawzTRmDxEe8RMl-JHdDAaRu3KObHk	2023-02-26 15:12:55.803847+00	2023-03-29 15:12:55+00	21	5420050dd6424fc59516853c710a6c35
103	eyJhbGciOiJIUzI1NiIsInR5cCI6IkpXVCJ9.eyJ0b2tlbl90eXBlIjoicmVmcmVzaCIsImV4cCI6MTY4MDEwNTAyOCwiaWF0IjoxNjc3NDI2NjI4LCJqdGkiOiI3MGQwZDU4YjA0NjQ0MTllYWRlMmJhMzdkYjQyZTIzYyIsInVzZXJfaWQiOjI4fQ.0kf805v0bRfYdyiJ-wK8zPgzMmiXF3gL1FUeIfmM1kc	2023-02-26 15:50:28.673661+00	2023-03-29 15:50:28+00	28	70d0d58b0464419eade2ba37db42e23c
104	eyJhbGciOiJIUzI1NiIsInR5cCI6IkpXVCJ9.eyJ0b2tlbl90eXBlIjoicmVmcmVzaCIsImV4cCI6MTY4MDExMzE3NSwiaWF0IjoxNjc3NDM0Nzc1LCJqdGkiOiJlZmRiYjY0MWExZTA0NTYyYmMwNDUyN2EzMTA0Y2JiMSIsInVzZXJfaWQiOjI5fQ.KMltmlmK3kdXdb-HAcDPUkTTlt2OyyanaEyq8HAg_pg	2023-02-26 18:06:15.794441+00	2023-03-29 18:06:15+00	29	efdbb641a1e04562bc04527a3104cbb1
\.


--
-- Data for Name: user_profile_map; Type: TABLE DATA; Schema: public; Owner: giper_db4
--

COPY public.user_profile_map (id, title, phone_number, address, town, created_at, update_at, user_id) FROM stdin;
1	Ilkhon	998901234	dass	Вабкент	2023-02-14	2023-02-14 11:58:27.70549+00	\N
2	dada	454445	asdas	Булакбаши	2023-02-14	2023-02-14 11:59:30.439522+00	\N
3	asdasd	123321	das	Газли	2023-02-18	2023-02-18 17:53:24.145709+00	\N
4	dsa	21321	432	Назарбек	2023-02-26	2023-02-26 15:13:33.232077+00	2
5	ыа	3	а	Муглан	2023-02-26	2023-02-26 17:22:32.894229+00	21
\.


--
-- Data for Name: user_profile_user; Type: TABLE DATA; Schema: public; Owner: giper_db4
--

COPY public.user_profile_user (id, password, last_login, is_superuser, first_name, last_name, email, is_staff, is_active, date_joined, date_birth, phone_number, created_at, mycode) FROM stdin;
4	#jasurbek	\N	f	Jasur	Abdibayev		f	t	2023-02-10 02:50:45.77735+00	\N	998996953578	2023-02-10	886142
6	123412	\N	f	Bahtibek	Anvarov		f	t	2023-02-11 12:37:57.133473+00	\N	+998901234567	2023-02-11	794476
1	string	2023-02-11 19:41:46.886509+00	t	string		user@example.com	t	t	2023-02-09 12:17:04.212405+00	\N	string	2023-02-09	219680
2	123412	\N	f	Bahtibek	Anvarov	bahtibekanvarov@gmail.com	f	t	2023-02-09 15:12:21.894126+00	\N	998901234567	2023-02-09	737802
8	31082004	\N	f	abdu	iwhif		f	t	2023-02-13 13:50:54.162145+00	\N	998990048989	2023-02-13	828773
5	Jasur3107	\N	f	Abdulla	Abduqulov		f	t	2023-02-10 07:09:34.495165+00	\N	998990054504	2023-02-10	987342
9	12345678901	\N	f	Hushnud	Qurbonboyev		f	t	2023-02-14 04:33:07.506995+00	\N	998932252704	2023-02-14	344195
28	900680728	\N	f	Ibrokhim	Ergashov		f	t	2023-02-26 15:50:28.67134+00	\N	998900680728	2023-02-26	138727
29	123412	\N	f	123412	admin		f	t	2023-02-26 18:06:15.791674+00	\N	1234567	2023-02-26	523157
10	qwertypo	\N	f	Test	Testov		f	t	2023-02-14 10:54:40.810565+00	\N	9990000000000	2023-02-14	967172
11	qwertypo	\N	f	Test	Testov		f	t	2023-02-14 10:55:54.237013+00	\N	998977224286	2023-02-14	698416
27	pbkdf2_sha256$390000$v5JeXQokCmjWbdtyqcNEv9$yyQ+JfSjVIqL6Zq6aGrz/a2kQbZihOcDrDJv4Aey7Zg=	2023-02-27 07:19:17.41913+00	t				t	t	2023-02-26 15:15:51.777066+00	\N	1221	2023-02-26	131164
12	123456	\N	f	Olimjon	Nishanaliyev		f	t	2023-02-15 19:13:11.520678+00	\N	998903713153	2023-02-15	930600
13	123412	\N	f	1234	1234		f	t	2023-02-16 11:01:27.51446+00	\N	123456	2023-02-16	630421
14	123456	\N	f	Asadbek	ITDodasi		f	t	2023-02-16 18:33:10.498023+00	\N	998971579575	2023-02-16	394965
15	123412	\N	f	111111	121		f	t	2023-02-18 19:39:03.533441+00	\N	111111	2023-02-18	882513
16	111111	\N	f	1231231	123213		f	t	2023-02-18 19:41:43.76034+00	\N	222222	2023-02-18	618010
17	123456	\N	f	komilkhon	sayfullakhonov		f	t	2023-02-18 20:21:29.823254+00	\N	998998279159	2023-02-18	326317
18	string2003	\N	f	string	string		f	t	2023-02-19 14:06:47.661566+00	\N	1357	2023-02-19	237142
19	string2002	\N	f	string	string		f	t	2023-02-19 14:14:30.21528+00	\N	17271237123	2023-02-19	583105
7	pbkdf2_sha256$390000$wFwWHKjR0Txc1PVRST6n6v$e2XAmawDl6YQK9zSOk67EwinbKZ70qEwVmpIT8BH/N4=	2023-02-19 21:15:47.935516+00	t				t	t	2023-02-12 18:47:08.489356+00	\N	1234	2023-02-12	949799
21	Lorem2002	\N	f	sdfsdfs	sdfasdfsdf		f	t	2023-02-25 12:36:53.829229+00	\N	998997282727	2023-02-25	440704
22		\N	f	bewewenbwr			f	t	2023-02-25 12:45:45.37474+00	\N	2516	2023-02-25	709042
\.


--
-- Data for Name: user_profile_user_groups; Type: TABLE DATA; Schema: public; Owner: giper_db4
--

COPY public.user_profile_user_groups (id, user_id, group_id) FROM stdin;
\.


--
-- Data for Name: user_profile_user_user_permissions; Type: TABLE DATA; Schema: public; Owner: giper_db4
--

COPY public.user_profile_user_user_permissions (id, user_id, permission_id) FROM stdin;
\.


--
-- Name: PaYme_merchattransactionsmodel_id_seq; Type: SEQUENCE SET; Schema: public; Owner: giper_db4
--

SELECT pg_catalog.setval('public."PaYme_merchattransactionsmodel_id_seq"', 1, true);


--
-- Name: PaYme_order_id_seq; Type: SEQUENCE SET; Schema: public; Owner: giper_db4
--

SELECT pg_catalog.setval('public."PaYme_order_id_seq"', 1, false);


--
-- Name: auth_group_id_seq; Type: SEQUENCE SET; Schema: public; Owner: giper_db4
--

SELECT pg_catalog.setval('public.auth_group_id_seq', 1, false);


--
-- Name: auth_group_permissions_id_seq; Type: SEQUENCE SET; Schema: public; Owner: giper_db4
--

SELECT pg_catalog.setval('public.auth_group_permissions_id_seq', 1, false);


--
-- Name: auth_permission_id_seq; Type: SEQUENCE SET; Schema: public; Owner: giper_db4
--

SELECT pg_catalog.setval('public.auth_permission_id_seq', 136, true);


--
-- Name: cart_cartitem_id_seq; Type: SEQUENCE SET; Schema: public; Owner: giper_db4
--

SELECT pg_catalog.setval('public.cart_cartitem_id_seq', 193, true);


--
-- Name: checkout_checkout_cart_id_seq; Type: SEQUENCE SET; Schema: public; Owner: giper_db4
--

SELECT pg_catalog.setval('public.checkout_checkout_cart_id_seq', 68, true);


--
-- Name: checkout_order_id_seq; Type: SEQUENCE SET; Schema: public; Owner: giper_db4
--

SELECT pg_catalog.setval('public.checkout_order_id_seq', 40, true);


--
-- Name: dashboard_api_sitesettings_id_seq; Type: SEQUENCE SET; Schema: public; Owner: giper_db4
--

SELECT pg_catalog.setval('public.dashboard_api_sitesettings_id_seq', 13, true);


--
-- Name: django_admin_log_id_seq; Type: SEQUENCE SET; Schema: public; Owner: giper_db4
--

SELECT pg_catalog.setval('public.django_admin_log_id_seq', 139, true);


--
-- Name: django_content_type_id_seq; Type: SEQUENCE SET; Schema: public; Owner: giper_db4
--

SELECT pg_catalog.setval('public.django_content_type_id_seq', 34, true);


--
-- Name: django_migrations_id_seq; Type: SEQUENCE SET; Schema: public; Owner: giper_db4
--

SELECT pg_catalog.setval('public.django_migrations_id_seq', 76, true);


--
-- Name: outside_add_to_wishlist_id_seq; Type: SEQUENCE SET; Schema: public; Owner: giper_db4
--

SELECT pg_catalog.setval('public.outside_add_to_wishlist_id_seq', 55, true);


--
-- Name: outside_brand_id_seq; Type: SEQUENCE SET; Schema: public; Owner: giper_db4
--

SELECT pg_catalog.setval('public.outside_brand_id_seq', 19, true);


--
-- Name: outside_slider_id_seq; Type: SEQUENCE SET; Schema: public; Owner: giper_db4
--

SELECT pg_catalog.setval('public.outside_slider_id_seq', 16, true);


--
-- Name: outside_stock_id_seq; Type: SEQUENCE SET; Schema: public; Owner: giper_db4
--

SELECT pg_catalog.setval('public.outside_stock_id_seq', 5, true);


--
-- Name: products_brand_id_seq; Type: SEQUENCE SET; Schema: public; Owner: giper_db4
--

SELECT pg_catalog.setval('public.products_brand_id_seq', 3, true);


--
-- Name: products_category_id_seq; Type: SEQUENCE SET; Schema: public; Owner: giper_db4
--

SELECT pg_catalog.setval('public.products_category_id_seq', 46, true);


--
-- Name: products_media_id_seq; Type: SEQUENCE SET; Schema: public; Owner: giper_db4
--

SELECT pg_catalog.setval('public.products_media_id_seq', 15, true);


--
-- Name: products_product_id_seq; Type: SEQUENCE SET; Schema: public; Owner: giper_db4
--

SELECT pg_catalog.setval('public.products_product_id_seq', 15, true);


--
-- Name: products_productallmodel_atributes_value_id_seq; Type: SEQUENCE SET; Schema: public; Owner: giper_db4
--

SELECT pg_catalog.setval('public.products_productallmodel_atributes_value_id_seq', 7, true);


--
-- Name: products_productallmodel_id_seq; Type: SEQUENCE SET; Schema: public; Owner: giper_db4
--

SELECT pg_catalog.setval('public.products_productallmodel_id_seq', 2, true);


--
-- Name: products_productattribute_id_seq; Type: SEQUENCE SET; Schema: public; Owner: giper_db4
--

SELECT pg_catalog.setval('public.products_productattribute_id_seq', 5, true);


--
-- Name: products_productattributevalue_id_seq; Type: SEQUENCE SET; Schema: public; Owner: giper_db4
--

SELECT pg_catalog.setval('public.products_productattributevalue_id_seq', 12, true);


--
-- Name: products_productattributevalues_id_seq; Type: SEQUENCE SET; Schema: public; Owner: giper_db4
--

SELECT pg_catalog.setval('public.products_productattributevalues_id_seq', 15, true);


--
-- Name: products_productinventory_id_seq; Type: SEQUENCE SET; Schema: public; Owner: giper_db4
--

SELECT pg_catalog.setval('public.products_productinventory_id_seq', 12, true);


--
-- Name: products_producttype_id_seq; Type: SEQUENCE SET; Schema: public; Owner: giper_db4
--

SELECT pg_catalog.setval('public.products_producttype_id_seq', 1, true);


--
-- Name: products_producttypeattribute_id_seq; Type: SEQUENCE SET; Schema: public; Owner: giper_db4
--

SELECT pg_catalog.setval('public.products_producttypeattribute_id_seq', 1, true);


--
-- Name: products_rating_id_seq; Type: SEQUENCE SET; Schema: public; Owner: giper_db4
--

SELECT pg_catalog.setval('public.products_rating_id_seq', 10, true);


--
-- Name: products_stock_id_seq; Type: SEQUENCE SET; Schema: public; Owner: giper_db4
--

SELECT pg_catalog.setval('public.products_stock_id_seq', 1, false);


--
-- Name: products_wishlist_id_seq; Type: SEQUENCE SET; Schema: public; Owner: giper_db4
--

SELECT pg_catalog.setval('public.products_wishlist_id_seq', 1, false);


--
-- Name: token_blacklist_blacklistedtoken_id_seq; Type: SEQUENCE SET; Schema: public; Owner: giper_db4
--

SELECT pg_catalog.setval('public.token_blacklist_blacklistedtoken_id_seq', 1, false);


--
-- Name: token_blacklist_outstandingtoken_id_seq; Type: SEQUENCE SET; Schema: public; Owner: giper_db4
--

SELECT pg_catalog.setval('public.token_blacklist_outstandingtoken_id_seq', 104, true);


--
-- Name: user_profile_map_id_seq; Type: SEQUENCE SET; Schema: public; Owner: giper_db4
--

SELECT pg_catalog.setval('public.user_profile_map_id_seq', 5, true);


--
-- Name: user_profile_user_groups_id_seq; Type: SEQUENCE SET; Schema: public; Owner: giper_db4
--

SELECT pg_catalog.setval('public.user_profile_user_groups_id_seq', 1, false);


--
-- Name: user_profile_user_id_seq; Type: SEQUENCE SET; Schema: public; Owner: giper_db4
--

SELECT pg_catalog.setval('public.user_profile_user_id_seq', 29, true);


--
-- Name: user_profile_user_user_permissions_id_seq; Type: SEQUENCE SET; Schema: public; Owner: giper_db4
--

SELECT pg_catalog.setval('public.user_profile_user_user_permissions_id_seq', 1, false);


--
-- Name: PaYme_merchattransactionsmodel PaYme_merchattransactionsmodel_pkey; Type: CONSTRAINT; Schema: public; Owner: giper_db4
--

ALTER TABLE ONLY public."PaYme_merchattransactionsmodel"
    ADD CONSTRAINT "PaYme_merchattransactionsmodel_pkey" PRIMARY KEY (id);


--
-- Name: PaYme_order PaYme_order_pkey; Type: CONSTRAINT; Schema: public; Owner: giper_db4
--

ALTER TABLE ONLY public."PaYme_order"
    ADD CONSTRAINT "PaYme_order_pkey" PRIMARY KEY (id);


--
-- Name: auth_group auth_group_name_key; Type: CONSTRAINT; Schema: public; Owner: giper_db4
--

ALTER TABLE ONLY public.auth_group
    ADD CONSTRAINT auth_group_name_key UNIQUE (name);


--
-- Name: auth_group_permissions auth_group_permissions_group_id_permission_id_0cd325b0_uniq; Type: CONSTRAINT; Schema: public; Owner: giper_db4
--

ALTER TABLE ONLY public.auth_group_permissions
    ADD CONSTRAINT auth_group_permissions_group_id_permission_id_0cd325b0_uniq UNIQUE (group_id, permission_id);


--
-- Name: auth_group_permissions auth_group_permissions_pkey; Type: CONSTRAINT; Schema: public; Owner: giper_db4
--

ALTER TABLE ONLY public.auth_group_permissions
    ADD CONSTRAINT auth_group_permissions_pkey PRIMARY KEY (id);


--
-- Name: auth_group auth_group_pkey; Type: CONSTRAINT; Schema: public; Owner: giper_db4
--

ALTER TABLE ONLY public.auth_group
    ADD CONSTRAINT auth_group_pkey PRIMARY KEY (id);


--
-- Name: auth_permission auth_permission_content_type_id_codename_01ab375a_uniq; Type: CONSTRAINT; Schema: public; Owner: giper_db4
--

ALTER TABLE ONLY public.auth_permission
    ADD CONSTRAINT auth_permission_content_type_id_codename_01ab375a_uniq UNIQUE (content_type_id, codename);


--
-- Name: auth_permission auth_permission_pkey; Type: CONSTRAINT; Schema: public; Owner: giper_db4
--

ALTER TABLE ONLY public.auth_permission
    ADD CONSTRAINT auth_permission_pkey PRIMARY KEY (id);


--
-- Name: authtoken_token authtoken_token_pkey; Type: CONSTRAINT; Schema: public; Owner: giper_db4
--

ALTER TABLE ONLY public.authtoken_token
    ADD CONSTRAINT authtoken_token_pkey PRIMARY KEY (key);


--
-- Name: authtoken_token authtoken_token_user_id_key; Type: CONSTRAINT; Schema: public; Owner: giper_db4
--

ALTER TABLE ONLY public.authtoken_token
    ADD CONSTRAINT authtoken_token_user_id_key UNIQUE (user_id);


--
-- Name: cart_cartitem cart_cartitem_pkey; Type: CONSTRAINT; Schema: public; Owner: giper_db4
--

ALTER TABLE ONLY public.cart_cartitem
    ADD CONSTRAINT cart_cartitem_pkey PRIMARY KEY (id);


--
-- Name: checkout_checkout_cart checkout_checkout_cart_checkout_id_cartitem_id_16323f23_uniq; Type: CONSTRAINT; Schema: public; Owner: giper_db4
--

ALTER TABLE ONLY public.checkout_checkout_cart
    ADD CONSTRAINT checkout_checkout_cart_checkout_id_cartitem_id_16323f23_uniq UNIQUE (checkout_id, cartitem_id);


--
-- Name: checkout_checkout_cart checkout_checkout_cart_pkey; Type: CONSTRAINT; Schema: public; Owner: giper_db4
--

ALTER TABLE ONLY public.checkout_checkout_cart
    ADD CONSTRAINT checkout_checkout_cart_pkey PRIMARY KEY (id);


--
-- Name: checkout_checkout checkout_order_pkey; Type: CONSTRAINT; Schema: public; Owner: giper_db4
--

ALTER TABLE ONLY public.checkout_checkout
    ADD CONSTRAINT checkout_order_pkey PRIMARY KEY (id);


--
-- Name: dashboard_api_sitesettings dashboard_api_sitesettings_pkey; Type: CONSTRAINT; Schema: public; Owner: giper_db4
--

ALTER TABLE ONLY public.dashboard_api_sitesettings
    ADD CONSTRAINT dashboard_api_sitesettings_pkey PRIMARY KEY (id);


--
-- Name: django_admin_log django_admin_log_pkey; Type: CONSTRAINT; Schema: public; Owner: giper_db4
--

ALTER TABLE ONLY public.django_admin_log
    ADD CONSTRAINT django_admin_log_pkey PRIMARY KEY (id);


--
-- Name: django_content_type django_content_type_app_label_model_76bd3d3b_uniq; Type: CONSTRAINT; Schema: public; Owner: giper_db4
--

ALTER TABLE ONLY public.django_content_type
    ADD CONSTRAINT django_content_type_app_label_model_76bd3d3b_uniq UNIQUE (app_label, model);


--
-- Name: django_content_type django_content_type_pkey; Type: CONSTRAINT; Schema: public; Owner: giper_db4
--

ALTER TABLE ONLY public.django_content_type
    ADD CONSTRAINT django_content_type_pkey PRIMARY KEY (id);


--
-- Name: django_migrations django_migrations_pkey; Type: CONSTRAINT; Schema: public; Owner: giper_db4
--

ALTER TABLE ONLY public.django_migrations
    ADD CONSTRAINT django_migrations_pkey PRIMARY KEY (id);


--
-- Name: django_session django_session_pkey; Type: CONSTRAINT; Schema: public; Owner: giper_db4
--

ALTER TABLE ONLY public.django_session
    ADD CONSTRAINT django_session_pkey PRIMARY KEY (session_key);


--
-- Name: outside_add_to_wishlist outside_add_to_wishlist_pkey; Type: CONSTRAINT; Schema: public; Owner: giper_db4
--

ALTER TABLE ONLY public.outside_add_to_wishlist
    ADD CONSTRAINT outside_add_to_wishlist_pkey PRIMARY KEY (id);


--
-- Name: outside_brand outside_brand_pkey; Type: CONSTRAINT; Schema: public; Owner: giper_db4
--

ALTER TABLE ONLY public.outside_brand
    ADD CONSTRAINT outside_brand_pkey PRIMARY KEY (id);


--
-- Name: outside_slider outside_slider_pkey; Type: CONSTRAINT; Schema: public; Owner: giper_db4
--

ALTER TABLE ONLY public.outside_slider
    ADD CONSTRAINT outside_slider_pkey PRIMARY KEY (id);


--
-- Name: outside_stock outside_stock_pkey; Type: CONSTRAINT; Schema: public; Owner: giper_db4
--

ALTER TABLE ONLY public.outside_stock
    ADD CONSTRAINT outside_stock_pkey PRIMARY KEY (id);


--
-- Name: products_brand products_brand_name_key; Type: CONSTRAINT; Schema: public; Owner: giper_db4
--

ALTER TABLE ONLY public.products_brand
    ADD CONSTRAINT products_brand_name_key UNIQUE (name);


--
-- Name: products_brand products_brand_pkey; Type: CONSTRAINT; Schema: public; Owner: giper_db4
--

ALTER TABLE ONLY public.products_brand
    ADD CONSTRAINT products_brand_pkey PRIMARY KEY (id);


--
-- Name: products_category products_category_pkey; Type: CONSTRAINT; Schema: public; Owner: giper_db4
--

ALTER TABLE ONLY public.products_category
    ADD CONSTRAINT products_category_pkey PRIMARY KEY (id);


--
-- Name: products_category products_category_slug_key; Type: CONSTRAINT; Schema: public; Owner: giper_db4
--

ALTER TABLE ONLY public.products_category
    ADD CONSTRAINT products_category_slug_key UNIQUE (slug);


--
-- Name: products_media products_media_pkey; Type: CONSTRAINT; Schema: public; Owner: giper_db4
--

ALTER TABLE ONLY public.products_media
    ADD CONSTRAINT products_media_pkey PRIMARY KEY (id);


--
-- Name: products_product products_product_pkey; Type: CONSTRAINT; Schema: public; Owner: giper_db4
--

ALTER TABLE ONLY public.products_product
    ADD CONSTRAINT products_product_pkey PRIMARY KEY (id);


--
-- Name: products_productallmodel_atributes_value products_productallmodel_atributes_value_pkey; Type: CONSTRAINT; Schema: public; Owner: giper_db4
--

ALTER TABLE ONLY public.products_productallmodel_atributes_value
    ADD CONSTRAINT products_productallmodel_atributes_value_pkey PRIMARY KEY (id);


--
-- Name: products_productallmodel products_productallmodel_pkey; Type: CONSTRAINT; Schema: public; Owner: giper_db4
--

ALTER TABLE ONLY public.products_productallmodel
    ADD CONSTRAINT products_productallmodel_pkey PRIMARY KEY (id);


--
-- Name: products_productallmodel_atributes_value products_productallmodel_productallmodel_id_produ_7984cd08_uniq; Type: CONSTRAINT; Schema: public; Owner: giper_db4
--

ALTER TABLE ONLY public.products_productallmodel_atributes_value
    ADD CONSTRAINT products_productallmodel_productallmodel_id_produ_7984cd08_uniq UNIQUE (productallmodel_id, productattributevalue_id);


--
-- Name: products_productattributevalues products_productattribut_attributevalues_id_produ_ae68da6f_uniq; Type: CONSTRAINT; Schema: public; Owner: giper_db4
--

ALTER TABLE ONLY public.products_productattributevalues
    ADD CONSTRAINT products_productattribut_attributevalues_id_produ_ae68da6f_uniq UNIQUE (attributevalues_id, productinventory_id);


--
-- Name: products_productattribute products_productattribute_name_key; Type: CONSTRAINT; Schema: public; Owner: giper_db4
--

ALTER TABLE ONLY public.products_productattribute
    ADD CONSTRAINT products_productattribute_name_key UNIQUE (name);


--
-- Name: products_productattribute products_productattribute_pkey; Type: CONSTRAINT; Schema: public; Owner: giper_db4
--

ALTER TABLE ONLY public.products_productattribute
    ADD CONSTRAINT products_productattribute_pkey PRIMARY KEY (id);


--
-- Name: products_productattributevalue products_productattributevalue_pkey; Type: CONSTRAINT; Schema: public; Owner: giper_db4
--

ALTER TABLE ONLY public.products_productattributevalue
    ADD CONSTRAINT products_productattributevalue_pkey PRIMARY KEY (id);


--
-- Name: products_productattributevalues products_productattributevalues_pkey; Type: CONSTRAINT; Schema: public; Owner: giper_db4
--

ALTER TABLE ONLY public.products_productattributevalues
    ADD CONSTRAINT products_productattributevalues_pkey PRIMARY KEY (id);


--
-- Name: products_productinventory products_productinventory_pkey; Type: CONSTRAINT; Schema: public; Owner: giper_db4
--

ALTER TABLE ONLY public.products_productinventory
    ADD CONSTRAINT products_productinventory_pkey PRIMARY KEY (id);


--
-- Name: products_productinventory products_productinventory_sku_key; Type: CONSTRAINT; Schema: public; Owner: giper_db4
--

ALTER TABLE ONLY public.products_productinventory
    ADD CONSTRAINT products_productinventory_sku_key UNIQUE (sku);


--
-- Name: products_productinventory products_productinventory_upc_key; Type: CONSTRAINT; Schema: public; Owner: giper_db4
--

ALTER TABLE ONLY public.products_productinventory
    ADD CONSTRAINT products_productinventory_upc_key UNIQUE (upc);


--
-- Name: products_producttype products_producttype_name_key; Type: CONSTRAINT; Schema: public; Owner: giper_db4
--

ALTER TABLE ONLY public.products_producttype
    ADD CONSTRAINT products_producttype_name_key UNIQUE (name);


--
-- Name: products_producttype products_producttype_pkey; Type: CONSTRAINT; Schema: public; Owner: giper_db4
--

ALTER TABLE ONLY public.products_producttype
    ADD CONSTRAINT products_producttype_pkey PRIMARY KEY (id);


--
-- Name: products_producttypeattribute products_producttypeattr_product_attribute_id_pro_165c5505_uniq; Type: CONSTRAINT; Schema: public; Owner: giper_db4
--

ALTER TABLE ONLY public.products_producttypeattribute
    ADD CONSTRAINT products_producttypeattr_product_attribute_id_pro_165c5505_uniq UNIQUE (product_attribute_id, product_type_id);


--
-- Name: products_producttypeattribute products_producttypeattribute_pkey; Type: CONSTRAINT; Schema: public; Owner: giper_db4
--

ALTER TABLE ONLY public.products_producttypeattribute
    ADD CONSTRAINT products_producttypeattribute_pkey PRIMARY KEY (id);


--
-- Name: products_rating products_rating_pkey; Type: CONSTRAINT; Schema: public; Owner: giper_db4
--

ALTER TABLE ONLY public.products_rating
    ADD CONSTRAINT products_rating_pkey PRIMARY KEY (id);


--
-- Name: products_stock products_stock_pkey; Type: CONSTRAINT; Schema: public; Owner: giper_db4
--

ALTER TABLE ONLY public.products_stock
    ADD CONSTRAINT products_stock_pkey PRIMARY KEY (id);


--
-- Name: products_stock products_stock_product_inventory_id_key; Type: CONSTRAINT; Schema: public; Owner: giper_db4
--

ALTER TABLE ONLY public.products_stock
    ADD CONSTRAINT products_stock_product_inventory_id_key UNIQUE (product_inventory_id);


--
-- Name: products_wishlist products_wishlist_pkey; Type: CONSTRAINT; Schema: public; Owner: giper_db4
--

ALTER TABLE ONLY public.products_wishlist
    ADD CONSTRAINT products_wishlist_pkey PRIMARY KEY (id);


--
-- Name: token_blacklist_blacklistedtoken token_blacklist_blacklistedtoken_pkey; Type: CONSTRAINT; Schema: public; Owner: giper_db4
--

ALTER TABLE ONLY public.token_blacklist_blacklistedtoken
    ADD CONSTRAINT token_blacklist_blacklistedtoken_pkey PRIMARY KEY (id);


--
-- Name: token_blacklist_blacklistedtoken token_blacklist_blacklistedtoken_token_id_key; Type: CONSTRAINT; Schema: public; Owner: giper_db4
--

ALTER TABLE ONLY public.token_blacklist_blacklistedtoken
    ADD CONSTRAINT token_blacklist_blacklistedtoken_token_id_key UNIQUE (token_id);


--
-- Name: token_blacklist_outstandingtoken token_blacklist_outstandingtoken_jti_hex_d9bdf6f7_uniq; Type: CONSTRAINT; Schema: public; Owner: giper_db4
--

ALTER TABLE ONLY public.token_blacklist_outstandingtoken
    ADD CONSTRAINT token_blacklist_outstandingtoken_jti_hex_d9bdf6f7_uniq UNIQUE (jti);


--
-- Name: token_blacklist_outstandingtoken token_blacklist_outstandingtoken_pkey; Type: CONSTRAINT; Schema: public; Owner: giper_db4
--

ALTER TABLE ONLY public.token_blacklist_outstandingtoken
    ADD CONSTRAINT token_blacklist_outstandingtoken_pkey PRIMARY KEY (id);


--
-- Name: user_profile_map user_profile_map_pkey; Type: CONSTRAINT; Schema: public; Owner: giper_db4
--

ALTER TABLE ONLY public.user_profile_map
    ADD CONSTRAINT user_profile_map_pkey PRIMARY KEY (id);


--
-- Name: user_profile_user_groups user_profile_user_groups_pkey; Type: CONSTRAINT; Schema: public; Owner: giper_db4
--

ALTER TABLE ONLY public.user_profile_user_groups
    ADD CONSTRAINT user_profile_user_groups_pkey PRIMARY KEY (id);


--
-- Name: user_profile_user_groups user_profile_user_groups_user_id_group_id_b5ee7138_uniq; Type: CONSTRAINT; Schema: public; Owner: giper_db4
--

ALTER TABLE ONLY public.user_profile_user_groups
    ADD CONSTRAINT user_profile_user_groups_user_id_group_id_b5ee7138_uniq UNIQUE (user_id, group_id);


--
-- Name: user_profile_user user_profile_user_phone_number_key; Type: CONSTRAINT; Schema: public; Owner: giper_db4
--

ALTER TABLE ONLY public.user_profile_user
    ADD CONSTRAINT user_profile_user_phone_number_key UNIQUE (phone_number);


--
-- Name: user_profile_user user_profile_user_pkey; Type: CONSTRAINT; Schema: public; Owner: giper_db4
--

ALTER TABLE ONLY public.user_profile_user
    ADD CONSTRAINT user_profile_user_pkey PRIMARY KEY (id);


--
-- Name: user_profile_user_user_permissions user_profile_user_user_p_user_id_permission_id_34bfca90_uniq; Type: CONSTRAINT; Schema: public; Owner: giper_db4
--

ALTER TABLE ONLY public.user_profile_user_user_permissions
    ADD CONSTRAINT user_profile_user_user_p_user_id_permission_id_34bfca90_uniq UNIQUE (user_id, permission_id);


--
-- Name: user_profile_user_user_permissions user_profile_user_user_permissions_pkey; Type: CONSTRAINT; Schema: public; Owner: giper_db4
--

ALTER TABLE ONLY public.user_profile_user_user_permissions
    ADD CONSTRAINT user_profile_user_user_permissions_pkey PRIMARY KEY (id);


--
-- Name: auth_group_name_a6ea08ec_like; Type: INDEX; Schema: public; Owner: giper_db4
--

CREATE INDEX auth_group_name_a6ea08ec_like ON public.auth_group USING btree (name varchar_pattern_ops);


--
-- Name: auth_group_permissions_group_id_b120cbf9; Type: INDEX; Schema: public; Owner: giper_db4
--

CREATE INDEX auth_group_permissions_group_id_b120cbf9 ON public.auth_group_permissions USING btree (group_id);


--
-- Name: auth_group_permissions_permission_id_84c5c92e; Type: INDEX; Schema: public; Owner: giper_db4
--

CREATE INDEX auth_group_permissions_permission_id_84c5c92e ON public.auth_group_permissions USING btree (permission_id);


--
-- Name: auth_permission_content_type_id_2f476e4b; Type: INDEX; Schema: public; Owner: giper_db4
--

CREATE INDEX auth_permission_content_type_id_2f476e4b ON public.auth_permission USING btree (content_type_id);


--
-- Name: authtoken_token_key_10f0b77e_like; Type: INDEX; Schema: public; Owner: giper_db4
--

CREATE INDEX authtoken_token_key_10f0b77e_like ON public.authtoken_token USING btree (key varchar_pattern_ops);


--
-- Name: cart_cartitem_product_id_b24e265a; Type: INDEX; Schema: public; Owner: giper_db4
--

CREATE INDEX cart_cartitem_product_id_b24e265a ON public.cart_cartitem USING btree (product_id);


--
-- Name: cart_cartitem_user_id_292943b8; Type: INDEX; Schema: public; Owner: giper_db4
--

CREATE INDEX cart_cartitem_user_id_292943b8 ON public.cart_cartitem USING btree (user_id);


--
-- Name: checkout_checkout_cart_cartitem_id_fbc81053; Type: INDEX; Schema: public; Owner: giper_db4
--

CREATE INDEX checkout_checkout_cart_cartitem_id_fbc81053 ON public.checkout_checkout_cart USING btree (cartitem_id);


--
-- Name: checkout_checkout_cart_checkout_id_3286932d; Type: INDEX; Schema: public; Owner: giper_db4
--

CREATE INDEX checkout_checkout_cart_checkout_id_3286932d ON public.checkout_checkout_cart USING btree (checkout_id);


--
-- Name: checkout_checkout_user_id_8b2fe298; Type: INDEX; Schema: public; Owner: giper_db4
--

CREATE INDEX checkout_checkout_user_id_8b2fe298 ON public.checkout_checkout USING btree (user_id);


--
-- Name: django_admin_log_content_type_id_c4bce8eb; Type: INDEX; Schema: public; Owner: giper_db4
--

CREATE INDEX django_admin_log_content_type_id_c4bce8eb ON public.django_admin_log USING btree (content_type_id);


--
-- Name: django_admin_log_user_id_c564eba6; Type: INDEX; Schema: public; Owner: giper_db4
--

CREATE INDEX django_admin_log_user_id_c564eba6 ON public.django_admin_log USING btree (user_id);


--
-- Name: django_session_expire_date_a5c62663; Type: INDEX; Schema: public; Owner: giper_db4
--

CREATE INDEX django_session_expire_date_a5c62663 ON public.django_session USING btree (expire_date);


--
-- Name: django_session_session_key_c0390e0f_like; Type: INDEX; Schema: public; Owner: giper_db4
--

CREATE INDEX django_session_session_key_c0390e0f_like ON public.django_session USING btree (session_key varchar_pattern_ops);


--
-- Name: outside_add_to_wishlist_product_id_52b3bb5a; Type: INDEX; Schema: public; Owner: giper_db4
--

CREATE INDEX outside_add_to_wishlist_product_id_52b3bb5a ON public.outside_add_to_wishlist USING btree (product_id);


--
-- Name: outside_add_to_wishlist_user_id_0b3c2901; Type: INDEX; Schema: public; Owner: giper_db4
--

CREATE INDEX outside_add_to_wishlist_user_id_0b3c2901 ON public.outside_add_to_wishlist USING btree (user_id);


--
-- Name: outside_brand_category_id_e23995cd; Type: INDEX; Schema: public; Owner: giper_db4
--

CREATE INDEX outside_brand_category_id_e23995cd ON public.outside_brand USING btree (category_id);


--
-- Name: outside_brand_product_id_8d58e091; Type: INDEX; Schema: public; Owner: giper_db4
--

CREATE INDEX outside_brand_product_id_8d58e091 ON public.outside_brand USING btree (product_id);


--
-- Name: products_brand_name_8e67b7a6_like; Type: INDEX; Schema: public; Owner: giper_db4
--

CREATE INDEX products_brand_name_8e67b7a6_like ON public.products_brand USING btree (name varchar_pattern_ops);


--
-- Name: products_category_parent_id_3388f6c9; Type: INDEX; Schema: public; Owner: giper_db4
--

CREATE INDEX products_category_parent_id_3388f6c9 ON public.products_category USING btree (parent_id);


--
-- Name: products_category_slug_c558efae_like; Type: INDEX; Schema: public; Owner: giper_db4
--

CREATE INDEX products_category_slug_c558efae_like ON public.products_category USING btree (slug varchar_pattern_ops);


--
-- Name: products_category_tree_id_7d9b3ae8; Type: INDEX; Schema: public; Owner: giper_db4
--

CREATE INDEX products_category_tree_id_7d9b3ae8 ON public.products_category USING btree (tree_id);


--
-- Name: products_media_product_inventory_id_bf22f20c; Type: INDEX; Schema: public; Owner: giper_db4
--

CREATE INDEX products_media_product_inventory_id_bf22f20c ON public.products_media USING btree (product_inventory_id);


--
-- Name: products_product_category_id_9b594869; Type: INDEX; Schema: public; Owner: giper_db4
--

CREATE INDEX products_product_category_id_9b594869 ON public.products_product USING btree (category_id);


--
-- Name: products_product_slug_70d3148d; Type: INDEX; Schema: public; Owner: giper_db4
--

CREATE INDEX products_product_slug_70d3148d ON public.products_product USING btree (slug);


--
-- Name: products_product_slug_70d3148d_like; Type: INDEX; Schema: public; Owner: giper_db4
--

CREATE INDEX products_product_slug_70d3148d_like ON public.products_product USING btree (slug varchar_pattern_ops);


--
-- Name: products_product_user_id_e04f062e; Type: INDEX; Schema: public; Owner: giper_db4
--

CREATE INDEX products_product_user_id_e04f062e ON public.products_product USING btree (user_id);


--
-- Name: products_productallmodel_a_productallmodel_id_7fd12828; Type: INDEX; Schema: public; Owner: giper_db4
--

CREATE INDEX products_productallmodel_a_productallmodel_id_7fd12828 ON public.products_productallmodel_atributes_value USING btree (productallmodel_id);


--
-- Name: products_productallmodel_a_productattributevalue_id_c66070b8; Type: INDEX; Schema: public; Owner: giper_db4
--

CREATE INDEX products_productallmodel_a_productattributevalue_id_c66070b8 ON public.products_productallmodel_atributes_value USING btree (productattributevalue_id);


--
-- Name: products_productallmodel_category_id_4da90514; Type: INDEX; Schema: public; Owner: giper_db4
--

CREATE INDEX products_productallmodel_category_id_4da90514 ON public.products_productallmodel USING btree (category_id);


--
-- Name: products_productallmodel_products_id_13ffd75b; Type: INDEX; Schema: public; Owner: giper_db4
--

CREATE INDEX products_productallmodel_products_id_13ffd75b ON public.products_productallmodel USING btree (products_id);


--
-- Name: products_productattribute_name_0461fe58_like; Type: INDEX; Schema: public; Owner: giper_db4
--

CREATE INDEX products_productattribute_name_0461fe58_like ON public.products_productattribute USING btree (name varchar_pattern_ops);


--
-- Name: products_productattributevalue_product_attribute_id_903a3695; Type: INDEX; Schema: public; Owner: giper_db4
--

CREATE INDEX products_productattributevalue_product_attribute_id_903a3695 ON public.products_productattributevalue USING btree (product_attribute_id);


--
-- Name: products_productattributevalues_attributevalues_id_a69726df; Type: INDEX; Schema: public; Owner: giper_db4
--

CREATE INDEX products_productattributevalues_attributevalues_id_a69726df ON public.products_productattributevalues USING btree (attributevalues_id);


--
-- Name: products_productattributevalues_productinventory_id_9ea0a20a; Type: INDEX; Schema: public; Owner: giper_db4
--

CREATE INDEX products_productattributevalues_productinventory_id_9ea0a20a ON public.products_productattributevalues USING btree (productinventory_id);


--
-- Name: products_productinventory_brand_id_0251ce88; Type: INDEX; Schema: public; Owner: giper_db4
--

CREATE INDEX products_productinventory_brand_id_0251ce88 ON public.products_productinventory USING btree (brand_id);


--
-- Name: products_productinventory_product_id_5834a168; Type: INDEX; Schema: public; Owner: giper_db4
--

CREATE INDEX products_productinventory_product_id_5834a168 ON public.products_productinventory USING btree (product_id);


--
-- Name: products_productinventory_product_type_id_dc8fc1f9; Type: INDEX; Schema: public; Owner: giper_db4
--

CREATE INDEX products_productinventory_product_type_id_dc8fc1f9 ON public.products_productinventory USING btree (product_type_id);


--
-- Name: products_productinventory_sku_aca75058_like; Type: INDEX; Schema: public; Owner: giper_db4
--

CREATE INDEX products_productinventory_sku_aca75058_like ON public.products_productinventory USING btree (sku varchar_pattern_ops);


--
-- Name: products_productinventory_upc_0c4aad0a_like; Type: INDEX; Schema: public; Owner: giper_db4
--

CREATE INDEX products_productinventory_upc_0c4aad0a_like ON public.products_productinventory USING btree (upc varchar_pattern_ops);


--
-- Name: products_producttype_name_77bfc2ce_like; Type: INDEX; Schema: public; Owner: giper_db4
--

CREATE INDEX products_producttype_name_77bfc2ce_like ON public.products_producttype USING btree (name varchar_pattern_ops);


--
-- Name: products_producttypeattribute_product_attribute_id_efe8cca9; Type: INDEX; Schema: public; Owner: giper_db4
--

CREATE INDEX products_producttypeattribute_product_attribute_id_efe8cca9 ON public.products_producttypeattribute USING btree (product_attribute_id);


--
-- Name: products_producttypeattribute_product_type_id_aad76956; Type: INDEX; Schema: public; Owner: giper_db4
--

CREATE INDEX products_producttypeattribute_product_type_id_aad76956 ON public.products_producttypeattribute USING btree (product_type_id);


--
-- Name: products_rating_product_id_f60bd2d8; Type: INDEX; Schema: public; Owner: giper_db4
--

CREATE INDEX products_rating_product_id_f60bd2d8 ON public.products_rating USING btree (product_id);


--
-- Name: products_wishlist_product_id_7c798228; Type: INDEX; Schema: public; Owner: giper_db4
--

CREATE INDEX products_wishlist_product_id_7c798228 ON public.products_wishlist USING btree (product_id);


--
-- Name: products_wishlist_user_id_eea5692f; Type: INDEX; Schema: public; Owner: giper_db4
--

CREATE INDEX products_wishlist_user_id_eea5692f ON public.products_wishlist USING btree (user_id);


--
-- Name: token_blacklist_outstandingtoken_jti_hex_d9bdf6f7_like; Type: INDEX; Schema: public; Owner: giper_db4
--

CREATE INDEX token_blacklist_outstandingtoken_jti_hex_d9bdf6f7_like ON public.token_blacklist_outstandingtoken USING btree (jti varchar_pattern_ops);


--
-- Name: token_blacklist_outstandingtoken_user_id_83bc629a; Type: INDEX; Schema: public; Owner: giper_db4
--

CREATE INDEX token_blacklist_outstandingtoken_user_id_83bc629a ON public.token_blacklist_outstandingtoken USING btree (user_id);


--
-- Name: user_profile_map_user_id_d55ee5d7; Type: INDEX; Schema: public; Owner: giper_db4
--

CREATE INDEX user_profile_map_user_id_d55ee5d7 ON public.user_profile_map USING btree (user_id);


--
-- Name: user_profile_user_groups_group_id_7cd4b3f5; Type: INDEX; Schema: public; Owner: giper_db4
--

CREATE INDEX user_profile_user_groups_group_id_7cd4b3f5 ON public.user_profile_user_groups USING btree (group_id);


--
-- Name: user_profile_user_groups_user_id_cefab937; Type: INDEX; Schema: public; Owner: giper_db4
--

CREATE INDEX user_profile_user_groups_user_id_cefab937 ON public.user_profile_user_groups USING btree (user_id);


--
-- Name: user_profile_user_phone_number_0807c4cf_like; Type: INDEX; Schema: public; Owner: giper_db4
--

CREATE INDEX user_profile_user_phone_number_0807c4cf_like ON public.user_profile_user USING btree (phone_number varchar_pattern_ops);


--
-- Name: user_profile_user_user_permissions_permission_id_fcfd8bc0; Type: INDEX; Schema: public; Owner: giper_db4
--

CREATE INDEX user_profile_user_user_permissions_permission_id_fcfd8bc0 ON public.user_profile_user_user_permissions USING btree (permission_id);


--
-- Name: user_profile_user_user_permissions_user_id_bdd85bfb; Type: INDEX; Schema: public; Owner: giper_db4
--

CREATE INDEX user_profile_user_user_permissions_user_id_bdd85bfb ON public.user_profile_user_user_permissions USING btree (user_id);


--
-- Name: auth_group_permissions auth_group_permissio_permission_id_84c5c92e_fk_auth_perm; Type: FK CONSTRAINT; Schema: public; Owner: giper_db4
--

ALTER TABLE ONLY public.auth_group_permissions
    ADD CONSTRAINT auth_group_permissio_permission_id_84c5c92e_fk_auth_perm FOREIGN KEY (permission_id) REFERENCES public.auth_permission(id) DEFERRABLE INITIALLY DEFERRED;


--
-- Name: auth_group_permissions auth_group_permissions_group_id_b120cbf9_fk_auth_group_id; Type: FK CONSTRAINT; Schema: public; Owner: giper_db4
--

ALTER TABLE ONLY public.auth_group_permissions
    ADD CONSTRAINT auth_group_permissions_group_id_b120cbf9_fk_auth_group_id FOREIGN KEY (group_id) REFERENCES public.auth_group(id) DEFERRABLE INITIALLY DEFERRED;


--
-- Name: auth_permission auth_permission_content_type_id_2f476e4b_fk_django_co; Type: FK CONSTRAINT; Schema: public; Owner: giper_db4
--

ALTER TABLE ONLY public.auth_permission
    ADD CONSTRAINT auth_permission_content_type_id_2f476e4b_fk_django_co FOREIGN KEY (content_type_id) REFERENCES public.django_content_type(id) DEFERRABLE INITIALLY DEFERRED;


--
-- Name: authtoken_token authtoken_token_user_id_35299eff_fk_user_profile_user_id; Type: FK CONSTRAINT; Schema: public; Owner: giper_db4
--

ALTER TABLE ONLY public.authtoken_token
    ADD CONSTRAINT authtoken_token_user_id_35299eff_fk_user_profile_user_id FOREIGN KEY (user_id) REFERENCES public.user_profile_user(id) DEFERRABLE INITIALLY DEFERRED;


--
-- Name: cart_cartitem cart_cartitem_product_id_b24e265a_fk_products_product_id; Type: FK CONSTRAINT; Schema: public; Owner: giper_db4
--

ALTER TABLE ONLY public.cart_cartitem
    ADD CONSTRAINT cart_cartitem_product_id_b24e265a_fk_products_product_id FOREIGN KEY (product_id) REFERENCES public.products_product(id) DEFERRABLE INITIALLY DEFERRED;


--
-- Name: cart_cartitem cart_cartitem_user_id_292943b8_fk_user_profile_user_id; Type: FK CONSTRAINT; Schema: public; Owner: giper_db4
--

ALTER TABLE ONLY public.cart_cartitem
    ADD CONSTRAINT cart_cartitem_user_id_292943b8_fk_user_profile_user_id FOREIGN KEY (user_id) REFERENCES public.user_profile_user(id) DEFERRABLE INITIALLY DEFERRED;


--
-- Name: checkout_checkout_cart checkout_checkout_ca_checkout_id_3286932d_fk_checkout_; Type: FK CONSTRAINT; Schema: public; Owner: giper_db4
--

ALTER TABLE ONLY public.checkout_checkout_cart
    ADD CONSTRAINT checkout_checkout_ca_checkout_id_3286932d_fk_checkout_ FOREIGN KEY (checkout_id) REFERENCES public.checkout_checkout(id) DEFERRABLE INITIALLY DEFERRED;


--
-- Name: checkout_checkout_cart checkout_checkout_cart_cartitem_id_fbc81053_fk_cart_cartitem_id; Type: FK CONSTRAINT; Schema: public; Owner: giper_db4
--

ALTER TABLE ONLY public.checkout_checkout_cart
    ADD CONSTRAINT checkout_checkout_cart_cartitem_id_fbc81053_fk_cart_cartitem_id FOREIGN KEY (cartitem_id) REFERENCES public.cart_cartitem(id) DEFERRABLE INITIALLY DEFERRED;


--
-- Name: checkout_checkout checkout_checkout_user_id_8b2fe298_fk_user_profile_user_id; Type: FK CONSTRAINT; Schema: public; Owner: giper_db4
--

ALTER TABLE ONLY public.checkout_checkout
    ADD CONSTRAINT checkout_checkout_user_id_8b2fe298_fk_user_profile_user_id FOREIGN KEY (user_id) REFERENCES public.user_profile_user(id) DEFERRABLE INITIALLY DEFERRED;


--
-- Name: django_admin_log django_admin_log_content_type_id_c4bce8eb_fk_django_co; Type: FK CONSTRAINT; Schema: public; Owner: giper_db4
--

ALTER TABLE ONLY public.django_admin_log
    ADD CONSTRAINT django_admin_log_content_type_id_c4bce8eb_fk_django_co FOREIGN KEY (content_type_id) REFERENCES public.django_content_type(id) DEFERRABLE INITIALLY DEFERRED;


--
-- Name: django_admin_log django_admin_log_user_id_c564eba6_fk_user_profile_user_id; Type: FK CONSTRAINT; Schema: public; Owner: giper_db4
--

ALTER TABLE ONLY public.django_admin_log
    ADD CONSTRAINT django_admin_log_user_id_c564eba6_fk_user_profile_user_id FOREIGN KEY (user_id) REFERENCES public.user_profile_user(id) DEFERRABLE INITIALLY DEFERRED;


--
-- Name: outside_add_to_wishlist outside_add_to_wishl_product_id_52b3bb5a_fk_products_; Type: FK CONSTRAINT; Schema: public; Owner: giper_db4
--

ALTER TABLE ONLY public.outside_add_to_wishlist
    ADD CONSTRAINT outside_add_to_wishl_product_id_52b3bb5a_fk_products_ FOREIGN KEY (product_id) REFERENCES public.products_product(id) DEFERRABLE INITIALLY DEFERRED;


--
-- Name: outside_add_to_wishlist outside_add_to_wishl_user_id_0b3c2901_fk_user_prof; Type: FK CONSTRAINT; Schema: public; Owner: giper_db4
--

ALTER TABLE ONLY public.outside_add_to_wishlist
    ADD CONSTRAINT outside_add_to_wishl_user_id_0b3c2901_fk_user_prof FOREIGN KEY (user_id) REFERENCES public.user_profile_user(id) DEFERRABLE INITIALLY DEFERRED;


--
-- Name: outside_brand outside_brand_category_id_e23995cd_fk_products_category_id; Type: FK CONSTRAINT; Schema: public; Owner: giper_db4
--

ALTER TABLE ONLY public.outside_brand
    ADD CONSTRAINT outside_brand_category_id_e23995cd_fk_products_category_id FOREIGN KEY (category_id) REFERENCES public.products_category(id) DEFERRABLE INITIALLY DEFERRED;


--
-- Name: outside_brand outside_brand_product_id_8d58e091_fk_products_product_id; Type: FK CONSTRAINT; Schema: public; Owner: giper_db4
--

ALTER TABLE ONLY public.outside_brand
    ADD CONSTRAINT outside_brand_product_id_8d58e091_fk_products_product_id FOREIGN KEY (product_id) REFERENCES public.products_product(id) DEFERRABLE INITIALLY DEFERRED;


--
-- Name: products_category products_category_parent_id_3388f6c9_fk_products_category_id; Type: FK CONSTRAINT; Schema: public; Owner: giper_db4
--

ALTER TABLE ONLY public.products_category
    ADD CONSTRAINT products_category_parent_id_3388f6c9_fk_products_category_id FOREIGN KEY (parent_id) REFERENCES public.products_category(id) DEFERRABLE INITIALLY DEFERRED;


--
-- Name: products_media products_media_product_inventory_id_bf22f20c_fk_products_; Type: FK CONSTRAINT; Schema: public; Owner: giper_db4
--

ALTER TABLE ONLY public.products_media
    ADD CONSTRAINT products_media_product_inventory_id_bf22f20c_fk_products_ FOREIGN KEY (product_inventory_id) REFERENCES public.products_productinventory(id) DEFERRABLE INITIALLY DEFERRED;


--
-- Name: products_product products_product_category_id_9b594869_fk_products_category_id; Type: FK CONSTRAINT; Schema: public; Owner: giper_db4
--

ALTER TABLE ONLY public.products_product
    ADD CONSTRAINT products_product_category_id_9b594869_fk_products_category_id FOREIGN KEY (category_id) REFERENCES public.products_category(id) DEFERRABLE INITIALLY DEFERRED;


--
-- Name: products_product products_product_user_id_e04f062e_fk_user_profile_user_id; Type: FK CONSTRAINT; Schema: public; Owner: giper_db4
--

ALTER TABLE ONLY public.products_product
    ADD CONSTRAINT products_product_user_id_e04f062e_fk_user_profile_user_id FOREIGN KEY (user_id) REFERENCES public.user_profile_user(id) DEFERRABLE INITIALLY DEFERRED;


--
-- Name: products_productallmodel products_productallm_category_id_4da90514_fk_products_; Type: FK CONSTRAINT; Schema: public; Owner: giper_db4
--

ALTER TABLE ONLY public.products_productallmodel
    ADD CONSTRAINT products_productallm_category_id_4da90514_fk_products_ FOREIGN KEY (category_id) REFERENCES public.products_category(id) DEFERRABLE INITIALLY DEFERRED;


--
-- Name: products_productallmodel_atributes_value products_productallm_productallmodel_id_7fd12828_fk_products_; Type: FK CONSTRAINT; Schema: public; Owner: giper_db4
--

ALTER TABLE ONLY public.products_productallmodel_atributes_value
    ADD CONSTRAINT products_productallm_productallmodel_id_7fd12828_fk_products_ FOREIGN KEY (productallmodel_id) REFERENCES public.products_productallmodel(id) DEFERRABLE INITIALLY DEFERRED;


--
-- Name: products_productallmodel_atributes_value products_productallm_productattributevalu_c66070b8_fk_products_; Type: FK CONSTRAINT; Schema: public; Owner: giper_db4
--

ALTER TABLE ONLY public.products_productallmodel_atributes_value
    ADD CONSTRAINT products_productallm_productattributevalu_c66070b8_fk_products_ FOREIGN KEY (productattributevalue_id) REFERENCES public.products_productattributevalue(id) DEFERRABLE INITIALLY DEFERRED;


--
-- Name: products_productallmodel products_productallm_products_id_13ffd75b_fk_products_; Type: FK CONSTRAINT; Schema: public; Owner: giper_db4
--

ALTER TABLE ONLY public.products_productallmodel
    ADD CONSTRAINT products_productallm_products_id_13ffd75b_fk_products_ FOREIGN KEY (products_id) REFERENCES public.products_product(id) DEFERRABLE INITIALLY DEFERRED;


--
-- Name: products_productattributevalues products_productattr_attributevalues_id_a69726df_fk_products_; Type: FK CONSTRAINT; Schema: public; Owner: giper_db4
--

ALTER TABLE ONLY public.products_productattributevalues
    ADD CONSTRAINT products_productattr_attributevalues_id_a69726df_fk_products_ FOREIGN KEY (attributevalues_id) REFERENCES public.products_productattributevalue(id) DEFERRABLE INITIALLY DEFERRED;


--
-- Name: products_productattributevalue products_productattr_product_attribute_id_903a3695_fk_products_; Type: FK CONSTRAINT; Schema: public; Owner: giper_db4
--

ALTER TABLE ONLY public.products_productattributevalue
    ADD CONSTRAINT products_productattr_product_attribute_id_903a3695_fk_products_ FOREIGN KEY (product_attribute_id) REFERENCES public.products_productattribute(id) DEFERRABLE INITIALLY DEFERRED;


--
-- Name: products_productattributevalues products_productattr_productinventory_id_9ea0a20a_fk_products_; Type: FK CONSTRAINT; Schema: public; Owner: giper_db4
--

ALTER TABLE ONLY public.products_productattributevalues
    ADD CONSTRAINT products_productattr_productinventory_id_9ea0a20a_fk_products_ FOREIGN KEY (productinventory_id) REFERENCES public.products_productinventory(id) DEFERRABLE INITIALLY DEFERRED;


--
-- Name: products_productinventory products_productinve_brand_id_0251ce88_fk_products_; Type: FK CONSTRAINT; Schema: public; Owner: giper_db4
--

ALTER TABLE ONLY public.products_productinventory
    ADD CONSTRAINT products_productinve_brand_id_0251ce88_fk_products_ FOREIGN KEY (brand_id) REFERENCES public.products_brand(id) DEFERRABLE INITIALLY DEFERRED;


--
-- Name: products_productinventory products_productinve_product_id_5834a168_fk_products_; Type: FK CONSTRAINT; Schema: public; Owner: giper_db4
--

ALTER TABLE ONLY public.products_productinventory
    ADD CONSTRAINT products_productinve_product_id_5834a168_fk_products_ FOREIGN KEY (product_id) REFERENCES public.products_product(id) DEFERRABLE INITIALLY DEFERRED;


--
-- Name: products_productinventory products_productinve_product_type_id_dc8fc1f9_fk_products_; Type: FK CONSTRAINT; Schema: public; Owner: giper_db4
--

ALTER TABLE ONLY public.products_productinventory
    ADD CONSTRAINT products_productinve_product_type_id_dc8fc1f9_fk_products_ FOREIGN KEY (product_type_id) REFERENCES public.products_producttype(id) DEFERRABLE INITIALLY DEFERRED;


--
-- Name: products_producttypeattribute products_producttype_product_attribute_id_efe8cca9_fk_products_; Type: FK CONSTRAINT; Schema: public; Owner: giper_db4
--

ALTER TABLE ONLY public.products_producttypeattribute
    ADD CONSTRAINT products_producttype_product_attribute_id_efe8cca9_fk_products_ FOREIGN KEY (product_attribute_id) REFERENCES public.products_productattribute(id) DEFERRABLE INITIALLY DEFERRED;


--
-- Name: products_producttypeattribute products_producttype_product_type_id_aad76956_fk_products_; Type: FK CONSTRAINT; Schema: public; Owner: giper_db4
--

ALTER TABLE ONLY public.products_producttypeattribute
    ADD CONSTRAINT products_producttype_product_type_id_aad76956_fk_products_ FOREIGN KEY (product_type_id) REFERENCES public.products_producttype(id) DEFERRABLE INITIALLY DEFERRED;


--
-- Name: products_rating products_rating_product_id_f60bd2d8_fk_products_; Type: FK CONSTRAINT; Schema: public; Owner: giper_db4
--

ALTER TABLE ONLY public.products_rating
    ADD CONSTRAINT products_rating_product_id_f60bd2d8_fk_products_ FOREIGN KEY (product_id) REFERENCES public.products_productinventory(id) DEFERRABLE INITIALLY DEFERRED;


--
-- Name: products_stock products_stock_product_inventory_id_bdbe7702_fk_products_; Type: FK CONSTRAINT; Schema: public; Owner: giper_db4
--

ALTER TABLE ONLY public.products_stock
    ADD CONSTRAINT products_stock_product_inventory_id_bdbe7702_fk_products_ FOREIGN KEY (product_inventory_id) REFERENCES public.products_productinventory(id) DEFERRABLE INITIALLY DEFERRED;


--
-- Name: products_wishlist products_wishlist_product_id_7c798228_fk_products_product_id; Type: FK CONSTRAINT; Schema: public; Owner: giper_db4
--

ALTER TABLE ONLY public.products_wishlist
    ADD CONSTRAINT products_wishlist_product_id_7c798228_fk_products_product_id FOREIGN KEY (product_id) REFERENCES public.products_product(id) DEFERRABLE INITIALLY DEFERRED;


--
-- Name: products_wishlist products_wishlist_user_id_eea5692f_fk_user_profile_user_id; Type: FK CONSTRAINT; Schema: public; Owner: giper_db4
--

ALTER TABLE ONLY public.products_wishlist
    ADD CONSTRAINT products_wishlist_user_id_eea5692f_fk_user_profile_user_id FOREIGN KEY (user_id) REFERENCES public.user_profile_user(id) DEFERRABLE INITIALLY DEFERRED;


--
-- Name: token_blacklist_blacklistedtoken token_blacklist_blacklistedtoken_token_id_3cc7fe56_fk; Type: FK CONSTRAINT; Schema: public; Owner: giper_db4
--

ALTER TABLE ONLY public.token_blacklist_blacklistedtoken
    ADD CONSTRAINT token_blacklist_blacklistedtoken_token_id_3cc7fe56_fk FOREIGN KEY (token_id) REFERENCES public.token_blacklist_outstandingtoken(id) DEFERRABLE INITIALLY DEFERRED;


--
-- Name: token_blacklist_outstandingtoken token_blacklist_outs_user_id_83bc629a_fk_user_prof; Type: FK CONSTRAINT; Schema: public; Owner: giper_db4
--

ALTER TABLE ONLY public.token_blacklist_outstandingtoken
    ADD CONSTRAINT token_blacklist_outs_user_id_83bc629a_fk_user_prof FOREIGN KEY (user_id) REFERENCES public.user_profile_user(id) DEFERRABLE INITIALLY DEFERRED;


--
-- Name: user_profile_map user_profile_map_user_id_d55ee5d7_fk_user_profile_user_id; Type: FK CONSTRAINT; Schema: public; Owner: giper_db4
--

ALTER TABLE ONLY public.user_profile_map
    ADD CONSTRAINT user_profile_map_user_id_d55ee5d7_fk_user_profile_user_id FOREIGN KEY (user_id) REFERENCES public.user_profile_user(id) DEFERRABLE INITIALLY DEFERRED;


--
-- Name: user_profile_user_groups user_profile_user_gr_user_id_cefab937_fk_user_prof; Type: FK CONSTRAINT; Schema: public; Owner: giper_db4
--

ALTER TABLE ONLY public.user_profile_user_groups
    ADD CONSTRAINT user_profile_user_gr_user_id_cefab937_fk_user_prof FOREIGN KEY (user_id) REFERENCES public.user_profile_user(id) DEFERRABLE INITIALLY DEFERRED;


--
-- Name: user_profile_user_groups user_profile_user_groups_group_id_7cd4b3f5_fk_auth_group_id; Type: FK CONSTRAINT; Schema: public; Owner: giper_db4
--

ALTER TABLE ONLY public.user_profile_user_groups
    ADD CONSTRAINT user_profile_user_groups_group_id_7cd4b3f5_fk_auth_group_id FOREIGN KEY (group_id) REFERENCES public.auth_group(id) DEFERRABLE INITIALLY DEFERRED;


--
-- Name: user_profile_user_user_permissions user_profile_user_us_permission_id_fcfd8bc0_fk_auth_perm; Type: FK CONSTRAINT; Schema: public; Owner: giper_db4
--

ALTER TABLE ONLY public.user_profile_user_user_permissions
    ADD CONSTRAINT user_profile_user_us_permission_id_fcfd8bc0_fk_auth_perm FOREIGN KEY (permission_id) REFERENCES public.auth_permission(id) DEFERRABLE INITIALLY DEFERRED;


--
-- Name: user_profile_user_user_permissions user_profile_user_us_user_id_bdd85bfb_fk_user_prof; Type: FK CONSTRAINT; Schema: public; Owner: giper_db4
--

ALTER TABLE ONLY public.user_profile_user_user_permissions
    ADD CONSTRAINT user_profile_user_us_user_id_bdd85bfb_fk_user_prof FOREIGN KEY (user_id) REFERENCES public.user_profile_user(id) DEFERRABLE INITIALLY DEFERRED;


--
-- PostgreSQL database dump complete
--

